-15.493,14.29,3.5299
27.288,29.492,-21.646
-27.832,-6.7427,-39.072
-25.716,-6.001,-43.048
-23.015,-7.4683,-41.114
2.302,3.6606,-44.95
0.031722,0.083128,-46.36
-14.157,0.45624,-27.733
27.491,22.359,-30.616
23.893,23.582,-32.225
25.646,20.684,-32.778
30.602,37.992,6.1198
-25.545,4.0014,-25.954
-23.137,3.5341,-24.513
6.3572,12.349,-41.897
-4.7046,22.953,2.5603
-5.3632,23.44,1.2854
29.734,78.813,-2.4411
-16.058,3.675,-57.265
-19.551,1.0601,-57.058
-20.755,1.7451,-54.534
-20.063,3.1258,-53.27
-13.792,1.1702,-59.544
-11.169,1.9427,-58.901
-20.721,-4.6862,-51.103
-21.591,-2.5554,-50.948
-20.853,-1.2761,-48.598
-19.535,-2.5322,-47.205
-21.001,1.9311,-51.15
-21.581,0.52946,-53.118
-33.62,3.8556,-41.636
-33.634,4.3876,-40.055
-30.5,6.8587,-39.725
-28.977,7.1448,-41.259
-28.044,4.7114,-45.049
-32.896,0.52038,-44.071
-33.3,2.1032,-43.592
-31.153,0.81032,-45.562
-31.478,-0.45524,-44.881
-28.108,-0.69817,-46.424
-24.655,-2.8484,-45.525
-27.756,-2.5462,-45.647
-28.101,-3.6038,-44.331
-27.036,-5.9657,-42.171
-31.59,-2.9544,-41.754
-17.1,-7.4013,-51.41
-11.621,-7.9995,-53.971
-18.651,1.0042,-46.485
-9.2253,10.819,-49.426
-12.317,-4.3951,-42.542
-25.751,0.023059,-46.416
-22.941,1.055,-45.024
24.884,78.807,6.1337
-25.67,10.58,-29.861
-21.659,25.399,3.6587
18.069,47.38,-11.167
-6.5872,-7.04,-59.031
-14.497,8.4071,-45.343
-5.1586,2.2541,-36.438
-9.2795,-1.3205,-39.536
7.1535,21.752,-37.357
18.056,36.322,-23.23
14.902,46.992,-3.2757
12.758,45.752,-0.05172
-2.7095,-15.567,-53.833
-0.95514,-15.578,-54.171
-4.7997,-17.64,-48.509
-4.5983,-16.989,-50.22
7.4958,36.865,-25.365
41.428,75.224,-3.555
-29.996,-9.5433,-22.457
-26.773,-6.0115,-22.793
22.681,25.118,-36.529
22.897,26.3,-34.537
-0.27001,-3.9622,-46.353
0.56384,11.535,-12.99
6.8743,12.061,-9.7995
1.8505,12.085,-11.414
25.202,17.47,-42.486
34.207,15.837,-46.345
-10.299,22.359,0.79428
-14.975,22.419,-0.81585
-9.8501,25.176,-0.58154
-3.7467,14.347,-10.011
-12.617,22.452,11.392
-5.9748,22.116,9.062
24.899,11.438,-35.279
15.192,33.585,4.01
12.628,30.957,2.5219
28.456,40.146,-10.195
22.988,25.024,-4.3751
33.992,24.438,-34.226
17.067,14.843,-9.7129
21.651,16.183,-17.395
16.585,24.792,3.033
28.092,25.956,-9.5883
28.585,27.043,-10.585
25.006,20.581,-16.284
25.647,22.575,-17.765
39.772,78.262,13.399
10.302,15.196,-4.7307
7.6992,14.533,-5.4418
32.04,41.823,16.059
34.175,44.005,15.503
47.39,76.506,24.235
43.202,71.246,30.839
52.287,64.029,26.357
49.52,76.556,10.051
41.776,38.491,22.762
37.429,36.442,10.747
45.725,41.404,18.812
45.644,39.42,20.207
45.664,37.39,20.098
46.198,35.079,17.501
46.603,41.098,16.868
50.375,59.435,22.222
52.027,60.052,21.027
55.127,61.302,19.884
-7.4801,4.8382,-55.546
41.536,77.337,2.9132
35.911,78.004,2.1119
24.249,60.845,-3.9185
23.671,76.189,-0.54664
-34.769,-2.6359,-31.253
-34.72,-7.3371,-32.091
-25.477,20.632,3.413
-25.359,19.359,1.51
-24.832,18.335,3.9983
-24.284,20.429,6.5677
-17.1,17.325,-21.054
-1.661,4.7688,-33.977
-13.607,1.8361,-34.872
-20.174,19.937,11.086
-5.17,33.401,-11.636
-4.5732,34.55,-13.676
-11.499,30.048,7.0793
-12.302,28.95,0.94425
-0.53528,35.484,-1.1655
-8.6262,29.919,0.59969
-2.811,30.3,-2.2568
3.5915,37.909,-2.286
20.143,33.939,-25.003
20.265,32.364,-26.132
18.719,34.687,-23.721
10.68,46.044,-2.1061
12.26,46.684,-2.4517
26.35,73.419,24.08
26.44,71.466,25.365
30.629,23.6,-47.361
-1.1398,26.574,-3.846
14.422,38.93,4.2722
9.3779,42.838,0.61444
6.2841,40.948,2.4179
26.083,26.669,-24.566
-8.3603,29.425,8.099
-6.7266,26.716,9.4655
7.1012,38.161,5.3947
6.3835,39.756,4.0796
20.583,43.156,-18.543
4.4916,-10.52,-48.131
-17.386,13.218,-19.18
-17.813,3.0173,-22.993
-19.066,0.86996,-24.912
7.1103,10.944,-14.624
-15.01,6.5883,-19.374
-10.862,7.9751,-16.845
8.3093,11.666,-21.221
15.063,17.619,-32.248
10.039,29.857,0.93944
7.8605,29.714,0.084919
0.91191,28.99,6.9293
5.9485,33.389,6.2046
-17.187,11.697,2.9692
25.244,38.494,2.8346
24.628,40.193,7.5872
-22.767,-9.8823,-21.466
-20.574,-15.136,-23.016
-19.203,-15.406,-24.435
-19.181,-17.091,-27.01
-18.386,-15.895,-26.227
-17.688,-13.748,-25.572
-18.355,-12.487,-24.238
17.895,16.867,-28.277
21.175,18.186,-25.114
27.64,31.612,-13.225
28.367,30.023,-12.005
3.5313,-14.329,-47.265
4.4797,-12.484,-48.506
2.4642,-11.511,-44.067
35.608,16.014,-38.397
37.185,77.309,22.96
32.536,38.307,8.8348
34.299,37.548,10.092
33.352,38.349,15.55
39.754,34.605,21.552
37.942,33.423,19.556
36.387,35.082,20.587
36.563,36.93,21.724
43.146,33.966,19.651
42.148,35.579,21.87
56.673,62.916,18.589
-5.488,10.148,-50.706
33.078,78.123,7.6144
29.635,77.78,10.158
7.9205,30.768,-32.949
21.614,70.677,1.5514
23.159,72.53,-1.1574
-1.1615,-1.1573,-52.936
-10.471,-14.312,-48.108
-8.7796,-13.586,-43.323
-2.8821,-12.833,-41.671
-5.9465,-9.728,-41.432
-3.1579,-7.1302,-42.691
-24.202,-18.212,-27.092
-22.796,-14.327,-21.65
-23.806,-15.805,-22.233
-26.952,-15.187,-22.331
-28.979,-12.785,-22.069
-21.684,-1.1231,-25.649
-20.308,0.14851,-25.327
-25.076,0.019255,-25.809
-23.705,-3.8423,-24.937
-7.4395,29.915,-13.062
-7.0716,25.886,-11.431
20.101,41.327,1.4485
20.396,48.045,8.2459
23.675,47.565,12.897
35.715,67.833,-6.1213
35.14,70.212,-6.9841
6.7255,8.8837,-29.859
17.143,34.296,4.4959
-23.601,15.007,6.6238
-18.944,-9.2645,-37.841
-20.215,-11.901,-37.297
-21.264,-16.993,-32.772
-20.23,-16.101,-33.634
-16.673,-12.641,-31.706
-19.136,12.792,11.856
-19.198,10.375,9.9811
-17.411,11.142,10.473
23.63,21.609,-22.83
24.118,28.922,-19.638
24.361,29.824,-19.99
25.754,44.318,15.905
-10.006,13.322,-13.7
7.2541,11.263,-11.976
25.253,43.305,12.525
29.778,42.03,17.056
29.313,46.061,17.207
27.311,7.3839,-35.289
30.292,6.9938,-42.142
34.008,9.3683,-42.496
27.056,11.291,-33.027
16.516,12.701,-13.449
20.374,15.91,-13.363
15.752,13.005,-11.029
44.19,42.542,11.355
44.942,40.211,10.871
-34.456,-4.5036,-35.544
-35.709,-1.0817,-38.482
-34.894,-1.5583,-40.023
-31.885,-4.1074,-39.884
-30.555,-10.35,-33.264
31.523,46.696,-6.036
26.161,63.367,23.033
24.396,65.017,23.011
19.257,72.993,5.3611
-11.258,20.011,-14.95
-10.721,13.027,1.6744
-10.869,15.651,0.80644
-8.6427,15.962,1.8603
-8.9302,13.805,1.8395
-14.299,15.202,12.165
-10.986,8.2083,4.9584
-7.2284,19.693,6.8659
-7.6952,19.365,7.8063
-7.7113,13.494,3.1729
-7.3424,13.034,5.7785
-8.0381,11.459,4.311
32.605,10.821,-46.442
35.933,75.893,26.048
31.495,11.267,-35.404
29.361,7.8864,-35.962
25.972,63.863,-3.4399
2.159,32.471,-28.903
-7.3431,26.915,-20.757
-5.5694,29.413,-9.0491
20.458,73.647,16.661
20.923,62.539,12.974
23.371,17.242,-50.435
22.476,17.961,-48.091
23.145,20.043,-46.641
24.528,19.195,-50.877
29.341,18.418,-50.58
23.358,22.635,-37.379
26.472,20.843,-51.293
27.692,23.641,-49.163
23.497,17.901,-46.453
24.019,15.136,-45.173
24.811,17.169,-44.132
25.836,23.153,-48.751
29.183,21.822,-50.496
27.958,26.252,-44.581
-20.927,14.954,0.39509
-23.072,14.403,1.2299
-24.188,16.812,1.6333
30.983,14.195,-48.708
-24.782,15.876,4.7844
-21.256,11.72,8.0062
-11.573,16.909,11.363
44.728,51.117,3.8167
44.177,49.748,5.3409
35.784,14.348,-43.674
37.492,37.71,4.7778
54.389,49.968,18.838
53.71,52.574,22.708
52.241,58.663,18.829
49.619,52.606,21.883
17.602,48.397,-5.6098
-22.183,24.43,2.3579
19.909,54.176,12.431
25.698,12.814,-49.904
9.0222,27.089,-33.639
44.495,72.502,-4.7708
-25.467,5.7992,-43.469
-27.927,5.8258,-43.764
27.547,48.725,16.191
32.457,49.874,-5.8308
47.407,68.693,-4.4224
28.519,65.867,27.378
29.565,60.313,22.462
33.755,59.214,26.888
-6.3774,8.5051,-33.566
39.11,53.737,-8.1225
35.004,53.237,-5.3877
38.425,60.302,-6.3897
22.259,63.937,0.16076
22.055,66.382,3.0896
17.179,54.764,-5.295
20.545,54.698,-8.8676
24.986,54.447,-8.5827
3.8121,-12.628,-52.349
2.1143,-16.232,-47.738
26.173,15.695,-41.982
25.836,12.886,-41.049
40.086,45.838,0.86993
47.685,66.063,-3.8757
-6.8181,15.382,-36.148
-8.7826,12.033,-36.604
22.897,25.213,-33.523
-13.623,28.471,6.4834
1.2138,26.558,-31.136
20.772,59.662,16.504
24.855,59.766,17.818
23.967,63.676,18.975
23.863,63.143,18.179
40.252,69.473,-7.124
44.71,68.629,-5.9665
36.26,43.306,19.065
-2.7311,18.78,-40.52
-3.6836,18.308,-40.413
-8.3378,6.5356,-29.6
-8.6226,8.0123,-16.64
-7.8903,6.8087,-18.354
-1.8691,8.4695,-31.225
52.715,60.733,4.9874
51.012,47.281,27.426
-17.626,16.539,-30.046
-8.203,-4.0299,-59.655
-7.5409,-8.2193,-58.17
-13.333,-4.6938,-58.369
-11.776,-4.1347,-59.751
47.397,48.486,28.928
-3.5375,19.786,-26.454
39.867,51.768,29.227
43.403,58.534,-3.4467
5.6649,11.897,-20.154
3.8429,13.572,-23.554
6.1547,12.693,-22.534
-3.2809,17.324,-29.35
39.332,52.26,30.03
17.929,52.507,3.7487
18.227,61.838,15.541
17.99,60.735,17.951
40.788,54.892,-8.3499
44.806,50.702,31.043
44.798,58.782,-7.2794
42.854,60.478,-8.6072
45.251,62.018,-2.8667
-2.2462,17.115,-25.544
29.244,32.753,-20.7
27.228,32.005,-17.957
-23.611,-10.965,-38.702
2.6733,5.5508,-45.956
3.4777,8.9678,-45.36
3.8009,8.1031,-44.901
4.0773,7.1377,-44.208
4.6297,6.4072,-42.6
29.69,19.314,-32.76
-22.548,10.165,-23.633
-20.767,14.922,-25.424
32.624,78.514,3.175
-13.67,7.7897,-51.842
-34.735,2.8927,-39.134
-35.36,1.0592,-39.35
-32.594,4.6269,-35.838
-16.93,0.1394,-59.195
-16.054,-1.2186,-59.661
-14.644,-3.9402,-58.355
-14.837,-9.506,-48.064
-14.739,-7.3211,-44.664
-15.78,6.2451,-44.632
-11.228,9.9804,-49.721
-5.5842,14.573,-45.752
-20.143,-3.4106,-41.926
-21.782,-6.7828,-41.323
-24.457,-5.7064,-43.53
19.638,75.197,9.727
-17.601,27.029,1.8177
18.446,48.068,-9.0424
16.343,48.19,-8.3021
-1.8384,-10.316,-57.93
-2.9838,-13.557,-55.953
-10.879,8.8902,-38.213
-8.8961,4.5858,-36.435
-9.9553,2.1118,-38.045
-5.4672,5.5102,-34.13
-12.219,6.0462,-39.228
-4.7625,-1.5092,-40.414
-6.0073,-2.946,-41.065
-2.268,-1.0846,-41.791
2.6198,23.081,-36.623
2.0311,25.261,-33.191
-0.75538,36.835,-9.8324
16.905,46.445,-13.236
19.855,75.611,6.6216
21.172,77.19,6.693
-18.508,22.8,-0.93147
24.327,19.342,-36.683
32.093,28.958,-37.076
31.201,26.967,-39.119
33.878,26.355,-34.68
25.613,30.301,-35.572
-1.2973,-4.7216,-44.547
-2.1083,-8.5065,-42.199
24.404,17.565,-38.815
33.712,20.337,-45.101
28.147,42.52,-5.3674
-3.5454,17.832,-8.0774
-1.0963,22.721,-4.8399
10.891,20.267,-0.059575
-6.6403,23.354,10.142
-8.9052,19.77,9.8253
20.481,31.212,1.5866
23.7,30.297,-2.357
33.171,22.825,-32.387
30.642,24.244,-30.43
22.446,18.79,-10.057
22.288,23.283,-4.6935
24.821,22.718,-8.9167
26.524,23.179,-14.124
27.515,24.463,-9.8121
23.065,18.259,-12.821
25.894,21.908,-12.828
33.48,45.221,15.107
35.917,47.304,15.975
40.528,44.071,19.599
54.512,65.129,25.285
53.725,69.357,27.185
55.803,68.947,24.56
37.605,34.604,12.277
48.156,59.318,24.191
50.598,61.356,24.977
-9.5265,7.7421,-53.146
37.913,78.131,7.2948
35.108,78.164,6.2736
29.142,75.883,-4.7389
-33.284,-10.691,-26.865
-32.091,-13.107,-27.534
-30.762,-12.642,-23.78
-30.977,-10.452,-23.287
-31.472,-8.5023,-23.97
-23.078,22.31,7.7854
-4.1852,1.7625,-37.024
-11.75,4.2272,-33.165
-10.049,5.1169,-31.176
-1.0088,35.845,3.9974
21.394,37.113,-24.577
24.321,37.425,-26.436
-15.098,-0.77826,-35.511
-17.089,-4.7042,-32.136
33.257,22.349,-43.909
18.725,41.77,1.3177
17.093,43.606,1.0715
15.242,42.929,2.6541
10.007,40.486,4.3173
39.851,63.787,-4.3278
-16.76,-11.869,-27.341
-16.309,-11.394,-30.148
-16.128,15.666,-18.322
-0.60986,10.462,-17.731
10.63,10.731,-17.154
10.924,11.768,-35.121
14.216,13.787,-30.022
3.1381,27.467,0.081155
16.56,23.374,2.1704
-13.912,8.4881,2.725
-15.225,8.6719,5.185
26.918,40.604,11.046
35.043,77.791,19.552
40.414,78.257,17.946
17.41,13.251,-19.916
16.767,13.438,-22.31
28.529,26.728,-12.109
-1.3309,-14.437,-42.532
-3.421,-15.088,-42.556
-4.9164,-13.745,-41.914
-8.3698,-15.936,-45.605
-3.0901,-17.144,-44.813
-3.3831,-17.92,-47.811
34.527,37.194,12.16
33.985,36.93,14.15
47.773,57.711,24.177
44.167,33.007,14.867
45.594,35.639,12.178
10.803,32.479,-31.985
25.754,66.901,-1.2608
25.88,52.791,17.468
-3.034,21.276,-6.8134
14.24,29.445,-31.741
21.706,46.882,10.393
-19.314,-16.832,-31.22
-19.002,-17.097,-29.248
-20.527,-17.958,-27.459
-22.135,-18.189,-26.108
-26.88,-17.441,-27.526
-16.61,14.616,12.762
-18.812,14.775,12.519
24.188,21.361,-20.066
22.835,17.643,-19.803
23.457,19.558,-21.856
28.776,48.879,16.8
-3.8594,11.132,-13.497
34.687,18.21,-36.302
40.15,43.715,8.0264
43.101,36.036,10.315
42.438,57.943,27.343
43.883,58.018,26.59
19.005,68.185,12.435
18.342,71.884,12.004
19.087,73.37,13.431
-11.196,11.222,2.2808
-12.507,9.4097,1.9985
33.531,9.1399,-44.843
31.303,7.643,-41.536
-16.416,18.649,-22.341
-17.844,17.726,-25.115
-12.898,21.363,-19.631
-17.473,9.3972,-38.043
-1.7644,29.35,-26.582
2.4878,34,-27.074
-8.2093,26.698,-18.6
-8.5845,24.454,-14.58
-8.3577,26.696,-16.316
-7.4731,30.193,-18.106
-0.34703,23.959,-30.518
0.22706,32.613,-4.7383
20.623,72.407,18.631
19.837,58.701,7.7494
23.362,19.483,-44.228
22.412,21.462,-43.37
30.088,25.756,-44.568
29.007,12.217,-48.822
-17.865,8.3265,5.8551
-19.058,8.8228,7.4015
-12.274,13.322,9.7348
-11.481,12.298,8.5643
-13.327,11.369,7.4168
-11.693,8.759,6.5938
49.962,53.846,13.356
48.383,52.862,13.779
55.517,50.171,15.275
33.494,60.959,26.803
35.68,63.478,29.623
45.792,51.357,26.544
48.939,48.779,30.391
-7.533,9.8147,-34.529
-13.277,12.299,-34.448
-10.739,12.054,-33.041
36.528,65.848,-5.0309
36.239,64.736,-4.8017
49.603,49.903,25.4
29.361,55.186,-10.397
23.797,14.082,-46.677
17.82,59.638,12.411
-7.9797,5.9361,-28.082
20.533,30.368,-27.713
55.716,62.238,8.6761
16.595,54.856,-4.0306
1.9155,12.378,-18.926
40.576,55.979,-9.4496
45.311,59.479,-1.3959
11.058,19.909,-35.749
27.742,32.654,-32.734
26.262,41.939,-7.3586
25.297,44.298,-9.0518
23.523,45.996,-9.5613
27.221,44.816,-7.1311
20.642,27.964,-0.60095
-34.53,1.3805,-34.388
-34.19,-0.49939,-31.778
3.2305,35.099,-4.0283
-20.078,13.381,1.8959
-21.576,11.316,4.1015
-17.826,-8.6967,-36.348
-17.844,-5.8325,-36.541
20.84,49.937,-6.5445
-23.682,19.312,-0.70965
48.14,52.589,8.0014
48.192,53.251,6.3717
26.031,56.69,-7.8606
27.121,55.428,-10.897
27.925,39.14,14.414
-13.831,-2.1275,-42.287
-2.7666,16.877,-43.584
-0.59817,17.064,-43.58
22.555,40.275,-22.376
21.739,38.56,-23.542
19.391,37.524,-21.728
6.0727,15.309,-41.471
13.054,15.657,-34.168
26.197,43.498,-13.896
27.589,14.415,-32.735
26.84,19.298,-33.273
15.118,19.497,-1.6457
-18.469,4.5517,-40.571
-18.613,-0.14436,-40.147
1.2399,11.311,-27.982
-3.8557,28.963,-6.8979
-3.7009,24.805,-6.3246
1.2698,34.946,-2.4165
-1.103,30.076,-4.0036
5.8865,40.969,-1.355
4.9062,39.426,-2.5151
-14.059,8.1112,-18.023
31.656,25.364,-31.131
12.714,32.169,2.8313
29.442,35.595,-18.979
29.338,36.91,-20.776
28.567,36.633,-12.863
25.955,39.388,-1.9417
23.918,38.959,-1.0135
42.362,78.058,11.485
25.11,28.223,-6.1107
40.889,49.816,17.375
41.093,48.331,15.958
41.158,45.71,16.597
39.073,38.624,22.84
36.628,39.728,21.589
-2.7655,11.604,-49.045
2.3107,12.786,-45.573
-4.9214,33.263,-19.307
-5.0428,34.082,-16.818
-2.9807,34.55,-19.134
-0.29068,1.6269,-50.146
-19.5,26.114,1.916
-14.328,28.675,3.5028
-27.309,2.5274,-27.069
21.687,40.469,2.0546
40.888,70.805,-6.9903
3.3811,4.4487,-37.786
0.79576,1.9075,-40.509
21.103,39.833,1.0286
25.17,26.466,-19.626
12.646,11.089,-13.362
34.186,51.393,20.061
31.206,52.633,20.058
-0.28482,-2.6605,-53.147
-11.155,15.071,-14.24
-7.2745,15.987,4.7197
-7.6678,15.612,7.4672
35.759,72.303,29.522
30.932,66.311,-4.2232
27.476,66.468,-2.8124
27.397,16.447,-50.936
-21.153,18.091,-0.28479
-22.613,18.625,-0.96753
19.794,24.403,-27.18
42.174,44.882,1.5739
34.789,10.757,-42.078
35.657,12.061,-42.722
36.794,37.004,7.0272
40.003,37.793,9.3764
17.199,48.344,-3.0856
26.42,37.378,-26.106
24.14,51.229,13.955
32.099,70.81,28.838
30.259,61.358,25.074
20.425,63.576,3.4208
25.936,10.58,-42.878
41.266,40.871,1.9685
42.659,42.764,2.4112
41.519,39.691,3.6904
49.281,60.828,1.4211
21.529,65.496,17.569
-1.9435,9.6442,-19.374
-14.976,19.021,-27.21
22.928,58.262,-5.3358
3.8087,40.718,-7.1538
2.2317,39.41,-8.9506
-2.5258,21.11,-26.245
-1.1117,22.593,-30.382
-1.4903,21.611,-29.518
52.576,58.91,6.6243
53.329,58.193,8.3896
45.855,60.947,-5.2811
29.216,72.261,-5.4019
21.224,28.18,-28.503
46.107,63.572,29.725
47.276,62.575,28.349
49.143,65.75,29.476
-16.805,12.811,2.7201
28.457,30.999,-21.134
-28.545,-8.7809,-36.557
-24.785,-8.1548,-40.094
-24.988,-7.3338,-40.941
-3.6212,33.249,5.9087
-7.4311,32.059,2.9531
3.769,4.6824,-41.552
2.163,2.9875,-43.4
1.3571,3.559,-47.482
-18.812,-4.599,-27.829
-16.376,-2.5631,-30.45
25.647,22.495,-31.315
37.517,78.222,15.045
28.898,38.15,4.5286
26.616,68.603,26.328
-25.229,8.0308,-25.99
-21.299,1.9983,-24.436
-19.998,6.3635,-21.928
3.9595,11.767,-44.407
-4.4002,22.963,4.84
41.714,76.946,1.1978
46.513,76.12,3.179
43.452,76.129,0.15916
-23.339,11.482,-36.323
-27.113,8.0124,-40.797
-23.443,9.2571,-39.612
36.199,77.791,-0.23648
34.631,77.304,-4.1917
30.106,79.546,-0.25987
23.435,78.608,5.6395
29.556,78.262,6.6866
27.779,79.328,4.1434
27.99,79.541,0.33568
26.492,79.5,3.26
22.884,78.192,3.4851
24.647,78.99,3.0078
-18.342,3.9301,-55.258
-17.148,1.9316,-58.444
-19.195,-0.1076,-57.772
-20.734,0.13259,-55.7
-18.898,2.8619,-56.446
-17.436,4.9651,-52.752
-14.017,3.0292,-58.333
-14.61,-0.47848,-59.926
-20.59,-4.3227,-49.475
-20.908,0.44601,-49.134
-21.609,-0.17453,-50.404
-21.456,-0.93938,-54.167
-21.085,-2.5818,-53.631
-21.831,-1.342,-52.338
-31.786,5.4141,-42.055
-32.282,4.4334,-43.185
-30.417,5.4534,-43.566
-29.423,3.299,-45.727
-31.523,2.641,-45.036
-30.599,4.4142,-44.551
-34.329,0.39666,-42.24
-34.518,2.0759,-41.485
-28.91,1.0449,-46.402
-29.845,-1.1942,-45.526
-26.088,-3.2557,-45.455
-31.098,-1.5067,-44.226
-16.798,-8.1795,-50.437
-20.219,-4.6938,-52.105
-20.215,-1.8282,-55.805
-17.19,-3.0924,-57.164
-12.598,-11.996,-48.731
-14.643,-8.9401,-50.098
-15.68,-7.0009,-53.17
-13.705,-7.3501,-53.607
-12.613,-7.9185,-53.131
-10.527,-10.178,-52.941
-13.708,-9.5511,-49.892
-12.508,-8.2853,-43.446
-16.626,-4.1276,-44.777
-17.183,-5.1566,-45.682
-18.579,-6.8926,-49.21
-17.01,-8.2964,-48.7
-16.719,-7.7647,-47.368
-18.692,-6.0437,-48.243
-17.73,3.6705,-46.038
-18.473,4.4167,-51.485
-18.922,3.7574,-49.715
-19.069,2.6504,-48.137
-17.226,0.21519,-44.741
-12.722,7.4585,-52.894
-11.273,7.9064,-52.749
-15.792,7.3456,-49.197
-23.67,-1.2814,-45.545
-21.722,-2.0173,-44.004
-26.58,1.7799,-46.441
-24.691,1.2908,-46.019
-24.935,2.7957,-45.69
-21.641,2.6738,-43.329
-19.682,1.4878,-41.539
-20.903,-0.8536,-43.13
25.333,77.222,10.768
27.166,77.939,8.5206
22.593,77.854,7.7135
-24.836,10.134,-26.889
-22.861,13.561,-30.352
-25.545,11.273,-33.833
-22.502,24.535,5.9698
-1.2434,32.914,-24.212
-3.1891,33.926,-20.29
14.933,47.127,-9.333
-3.9344,-10.518,-57.97
-5.5857,-10.545,-57.321
-2.7777,-7.3173,-58.711
-4.2881,-8.7472,-58.675
-3.7103,13.901,-47.019
-11.765,11.126,-45.482
-9.7988,12.25,-46.416
-8.1975,13.054,-46.482
-10.656,12.282,-42.599
-12.903,9.6023,-42.714
-13.326,6.7486,-40.768
-13.463,0.23996,-40.913
-11.348,-2.4561,-40.889
-8.255,1.6731,-37.427
-7.587,-1.7087,-39.951
7.4586,25.209,-34.531
4.2273,22.325,-37.408
-0.60199,36.99,-12.58
0.27911,37.094,-14.898
1.8076,37.156,-17.34
12.057,37.655,-25.577
13.971,37.939,-25.074
15.688,40.088,-22.175
16.275,38.805,-23.267
13.916,36.458,-27.164
16.463,37.303,-24.555
18.553,44.518,-17.628
16.963,42.733,-19.278
14.628,42.675,-17.844
16.793,44.774,-16.525
18.503,51.562,2.1066
18.263,51.905,-0.044636
18.602,50.662,-0.33731
18.296,47.274,2.0569
16.026,45.822,-0.85294
19.192,45.303,3.6392
21.459,77.177,4.4496
22.351,77.123,2.1161
22.232,74.841,0.38846
20.445,75.443,3.9591
-1.8191,-17.135,-51.817
-0.18509,-17.494,-47.667
-2.489,-17.669,-50.002
-23.081,22.402,1.1724
-20.333,24.121,0.25428
-17.357,25.509,0.14462
10.368,38.127,-24.208
9.7071,39.131,-21.468
21.139,43.257,6.7337
44.439,74.084,-3.0626
-27.167,-11.502,-21.048
-28.66,-8.9811,-21.846
-24.922,-10.185,-20.937
-24.162,-5.7931,-23.121
-24.464,-7.8414,-21.821
-28.719,-6.1576,-23.149
-26.952,-8.1225,-21.677
22.957,23.84,-34.627
23.129,24.307,-38.849
26.392,29.314,-38.925
27.751,30.429,-36.22
30.119,30.252,-35.654
23.834,28.287,-35.729
31.21,30.083,-28.69
30.56,32.276,-28.131
31.576,29.333,-33.808
18.682,40.726,-20.465
0.013117,-5.0087,-46.256
-0.98396,-0.53251,-42.984
-0.82568,-1.2457,-44.313
-2.6074,9.6727,-16.707
2.8956,11.345,-13.787
6.1456,13.258,-7.6041
24.436,18.683,-40.016
28.983,9.539,-47.442
34.804,13.614,-45.356
33.357,13.977,-47.302
10.382,13.025,-37.051
8.9275,15.592,-38.785
26.416,43.118,-7.037
25.403,43.134,-17.981
24.456,39.802,-23.425
22.468,46.42,-14.562
23.491,44.593,-15.903
21.55,44.224,-17.281
-11.562,23.988,0.11132
-5.3393,19.571,-9.3143
-6.2939,15.494,-10.746
0.30947,14.168,-8.6156
-3.4034,16.331,-8.5973
0.40739,17.77,-5.3202
3.2808,17.653,-3.5994
6.4407,17.66,-2.2637
24.89,35.506,-2.492
27.019,43.271,-10.545
-10.301,24.172,10.33
-14.943,20.161,12.483
-4.0472,27.156,8.4766
-5.8481,25.75,9.1471
-16.263,27.039,7.5074
-19.265,26.588,6.1651
-20.425,24.275,8.4206
16.1,30.275,3.9002
16.617,27.769,3.16
19.357,28.483,1.5363
24.161,15.336,-38.27
24.034,15.199,-36.34
24.625,15.384,-34.922
11.812,27.968,2.3836
28.25,38.255,-8.0206
29.08,36.104,-10.194
23.169,27.719,-3.6139
33.777,23.485,-36.118
33.792,22.24,-35.22
33.635,24.438,-33.06
17.733,16.91,-6.5468
14.728,15.274,-6.7979
20.472,16.791,-10.339
20.188,14.897,-17.75
13.524,24.153,2.2687
17.776,23.35,1.2912
18.413,24.797,2.0421
28.438,29.706,-10.635
25.341,25.694,-7.5299
17.292,19.524,-3.0719
18.942,18.266,-6.0522
20.905,18.793,-7.6633
19.869,21.098,-3.8794
23.655,19.195,-18.06
28.29,57.471,20.163
26.367,58.709,19.211
44.301,78.127,18.007
41.739,78.225,14.877
8.3052,16.397,-3.2477
9.2881,13.549,-6.8212
12.667,13.687,-7.5117
30.564,48.421,16.733
32.826,44.344,15.221
48.327,77.232,13.023
46.879,77.808,16.573
48.917,77.279,18.899
50.627,76.767,17.37
41.186,42.325,21.397
42.044,45.878,14.887
43.547,43.588,18.73
39.464,46.437,16.366
37.427,48.921,18.011
36.934,49.775,19.319
46.389,69.802,30.856
41.503,69.514,31.364
54.839,66.847,25.834
50.697,64.349,28.196
51.062,72.342,27.951
48.232,71.718,29.679
58.272,68.604,16.688
57.008,70.195,21.375
56.504,72.631,13.085
54.835,74.318,13.433
55.903,73.539,17.476
53.335,75.19,12.319
54.187,74.102,9.8495
39.038,74.827,28.176
42.593,73.808,29.308
44.768,75.485,27.163
43.246,76.896,24.704
52.337,75.829,19.785
52.731,73.469,25.264
44.003,37.223,21.593
43.926,39.268,21.684
43.895,41.628,20.714
42.228,40.951,21.962
36.435,37.025,9.9375
44.667,35.387,20.033
47.009,37.042,17.645
47.451,38.053,15.086
47.058,38.634,17.824
46.011,50.589,11.852
44.806,49.593,12.799
51.618,53.234,24.707
-4.7159,2.5485,-55.311
-6.9086,1.9938,-56.949
-9.5641,3.2369,-56.929
-12.23,4.4847,-55.991
-10.014,5.8247,-55.08
-8.7074,5.2002,-55.501
40.776,77.621,3.9863
33.832,78.2,4.5649
-28.255,8.3092,-31.695
-31.301,6.1286,-34.425
-30.969,4.0267,-30.477
-29.274,6.1998,-30.049
-31.705,4.8781,-32.534
27.036,60.485,-5.596
24.459,73.967,-2.2481
26.606,72.721,-3.972
-32.049,0.93667,-30.397
-32.874,2.943,-33.232
21.155,66.103,5.5011
20.422,66.764,7.9405
20.547,67.918,5.7889
19,69.215,7.9728
19.279,70.649,5.6804
-30.435,-4.8302,-24.872
-32.011,-3.3015,-27.128
-32.694,-6.2945,-25.963
-33.455,-3.9332,-28.202
-34.006,-6.0113,-27.934
-35.043,-6.4082,-31.408
-34.668,-7.5878,-29.673
-34.963,-4.8998,-30.63
-34.271,-8.7864,-30.301
-33.724,-10.34,-28.328
-34.298,-7.543,-28.291
-14.3,4.986,-36.255
-24.693,18.222,0.58396
-24.296,14.888,2.9336
-24.793,21.926,4.975
-15.88,16.914,-18.63
-12.813,18.099,-15.896
8.1116,40.466,-16.076
6.0948,40.37,-14.028
9.9313,41.4,-15.102
19.076,58.407,5.7252
19.791,62.767,5.8354
32.327,77.4,-4.4917
30.079,77.219,-4.31
0.37549,3.3441,-36.508
-1.3493,6.6188,-32.269
-3.7784,4.5231,-34.278
-11.435,2.6252,-30.215
-15.584,-2.0121,-33.147
7.8094,12.074,-23.081
6.3941,12.196,-24.442
7.9816,11.289,-25.78
6.174,10.303,-27.61
9.2198,10.747,-27.58
-19.263,22.594,10.189
-7.7196,30.318,-16.493
-6.5511,32.381,-13.304
-6.3304,33.147,-15.213
-10.105,30.558,4.4871
-9.3597,30.345,6.6166
-10.123,29.939,1.9603
0.4038,37.411,0.58582
-3.9133,32.628,-0.88961
-6.5046,32.294,1.3254
-2.7071,28.239,-2.0029
-1.4357,27.13,-1.7432
-8.4325,23.333,-0.0082
3.4732,36.329,-3.1028
3.6944,36.4,-4.4293
21.788,34.078,-28.229
18.602,33.987,-25.036
18.892,32.115,-26.254
19.786,35.113,-23.502
4.8899,40.072,-13.22
3.1236,39.198,-12.757
7.9295,44.457,-4.4398
9.7702,46.035,-4.0465
8.2027,44.812,-5.8631
9.5169,45.486,-6.7197
7.7865,41.503,-12.714
10.002,42.506,-13.003
-17.501,-4.1459,-36.481
-18.191,-3.7191,-38.201
-15.814,-0.29354,-37.27
31.63,21.031,-48.019
-0.85318,24.93,2.6316
-1.3218,27.909,-3.7733
-1.6484,30.053,-3.0741
25.827,39.863,-22.987
27.18,40.77,-20.472
28.599,38.718,-20.986
28.704,37.095,-23.622
5.7441,42.45,-7.2662
4.8787,41.645,-8.3022
2.8433,39.049,-6.4721
5.6104,41.695,-5.6985
4.4169,37.552,-3.8787
4.6108,38.506,-4.7227
6.9964,41.974,-3.2349
5.3352,39.42,-4.0552
0.55668,36.298,4.5247
2.5729,38.631,2.9754
11.648,39.42,4.7885
13.109,41.881,3.0951
10.018,43.731,-0.44917
11.728,42.953,1.7434
27.696,25.651,-26.457
29.435,22.879,-30.57
28.806,26.5,-26.273
-4.4505,31.687,7.1387
2.9933,37.208,4.8371
24.42,42.66,-19.493
40.435,73.92,-5.7089
42.335,71.905,-6.2438
36.265,72.6,-7.1164
37.628,73.521,-6.7444
42.008,63.015,-4.2861
-17.602,-5.3143,-30.096
-17.128,-4.3871,-34.597
2.5179,-5.5198,-50.421
2.7475,-6.3276,-48.28
3.8133,-8.5519,-47.424
4.0069,-7.8976,-50.35
-19.492,12.384,-21.023
-19.002,10.731,-20.443
-22.51,7.9373,-23.339
-17.474,10.505,-19.271
-15.63,2.939,-22.918
-14.629,2.1743,-24.187
-12.42,2.4353,-24.872
-10.618,5.3846,-19.987
9.1514,12.973,-38.704
9.1967,10.054,-37.093
6.9681,9.9055,-40.91
12.352,12.135,-23.621
14.215,13.151,-27.096
4.8216,11.407,-16.49
-12.674,5.3142,-19.981
-10.967,9.7109,-15.679
-11.441,11.426,-15.058
8.2801,10.738,-17.865
12.707,10.925,-15.742
14.369,11.84,-19.104
10.132,10.129,-32.196
9.2167,9.3954,-35.353
14.572,21.884,-32.491
15.11,19.236,-32.345
32.793,26.539,-32.782
0.54316,26.117,4.4187
2.1791,27.023,1.7212
0.24613,26.51,-0.37575
1.0146,26.437,-1.4338
-4.8788,24.702,8.0111
-4.587,23.598,6.7323
0.28194,26.816,5.8745
4.6695,26.805,-0.50071
4.5709,23.636,-0.73556
6.9902,24.301,0.89553
5.5831,29.592,2.7667
10.045,31.052,1.371
7.1027,30.182,0.1788
8.1766,33.361,5.3877
9.3823,25.287,1.8934
32.797,39.021,1.5906
31.148,38.144,4.1886
-14.993,10.05,1.6242
27.98,34.344,-13.247
26.766,32.626,-14.997
28.725,35.929,-14.635
28.506,38.506,0.061116
26.727,38.213,1.9062
27.387,39.925,9.7775
26.209,38.879,5.9875
35.366,19.483,-41.532
47.307,76.602,5.7155
43.159,77.837,9.0659
45.586,77.609,10.601
44.918,77.318,6.6678
33.863,76.812,23.282
-19.908,-13.832,-22.89
-22.377,-16.868,-23.432
-20.63,-17.101,-24.627
-17.342,-14.635,-27.274
-19.95,-7.6754,-24.099
-21.758,-8.0006,-22.619
-21.423,-11.391,-21.748
-19.424,-10.841,-23.18
17.223,14.759,-25.938
19.937,16.421,-24.869
19.986,18.97,-27.163
28.776,33.066,-9.2663
28.925,33.222,-10.712
27.186,25.385,-14.807
27.007,28.34,-14.844
25.943,31.244,-17.169
25.251,29.783,-16.974
0.30702,-16.613,-45.4
2.0402,-15.513,-45.785
1.902,-13.782,-44.085
3.4953,-13.2,-45.918
3.5933,-10.527,-45.749
2.1079,-8.9668,-44.468
-0.052174,-10.57,-42.385
-0.29565,-12.749,-42.371
0.30136,-14.992,-43.522
34.441,40.686,-0.70981
38.269,38.72,3.2465
34.72,39.114,3.8505
36.741,40.844,1.4991
34.379,15.155,-36.694
41.225,77.715,22.27
39.203,76.412,25.815
30.648,38.631,9.1443
33.404,40.572,16.781
32.451,38.698,14.912
41.576,32.769,18.435
36.286,33.639,17.651
34.914,39.089,20.288
34.058,37.337,18.712
44.339,53.893,21.49
45.001,61.783,28.692
44.564,53.608,24.332
44.471,52.608,30.103
48.046,50.586,29.969
46.364,59.512,25.111
43.413,51.248,18.766
40.726,33.704,20.394
39.544,36.331,22.569
44.667,33.924,18.131
42.785,32.608,16.66
55.643,61.143,16.209
-2.5044,9.4095,-50.495
-4.1461,6.9549,-52.838
34.783,78.091,12.382
31.668,78.208,6.3847
6.3839,27.668,-33.503
24.54,70.93,-1.9209
-3.8743,32.506,-21.847
-5.1708,30.796,-21.987
-6.2727,30.136,-20.861
-6.6756,31.75,-18.437
0.19698,0.75655,-47.953
0.67653,-3.9785,-49.609
0.14051,-3.0029,-49.305
-2.4192,-0.16989,-54.387
-3.347,1.0504,-54.861
-0.26281,-2.1667,-51.473
9.2592,35.686,-28.951
29.551,50.212,-6.8655
29.875,47.751,-6.7395
-11.092,-14.148,-47.143
-7.5118,-16.329,-48.315
-8.3293,-16.335,-46.72
-10.681,-14.238,-46.087
-10.527,-13.367,-44.693
-9.6914,-11.641,-42.875
-10.695,-11.999,-43.828
-9.2239,-9.5482,-42.159
-7.1607,-12.492,-41.933
-2.2958,-10.942,-41.571
-4.6102,-11.399,-41.343
-5.9605,-6.9926,-42.129
-12.778,25.556,0.045334
24.172,58.567,16.585
22.618,57.025,13.359
23.405,54.07,13.25
24.058,54.646,15.772
-25.916,-17.488,-25.208
-28.101,-16.65,-25.639
-26.632,-16.534,-23.655
-24.752,-16.591,-22.915
-24.322,-13.082,-20.979
-26.314,-13.973,-21.381
-28.804,-15.04,-23.552
-23.608,1.584,-25.3
-23.023,0.43065,-25.444
-23.443,-0.97207,-25.605
-25.128,2.1829,-25.826
-27.735,-0.51509,-26.546
-26.287,-1.8883,-25.627
-28.575,-2.6756,-25.713
-26.657,-3.5054,-24.858
-24.507,-2.4936,-25.353
-21.757,-5.9881,-24.02
-21.611,-3.0588,-25.788
-6.7078,29.014,-10.953
-7.3746,31.337,-14.816
-8.0443,23.733,-12.66
14.665,34.512,-28.976
16.217,31.47,-29.698
17.046,34.105,-27.037
22.183,41.024,5.2823
20.166,42.754,2.9001
22.769,44.848,10.941
31.447,69.424,-5.6372
-0.1854,4.1917,-34.881
2.3164,5.5778,-33.636
6.4919,7.1826,-33.629
18.032,31.496,3.6567
18.897,34.065,3.6994
20.927,38.363,1.1883
18.421,37.667,3.93
19.992,36.461,2.7311
21.345,34.538,1.3871
-22.541,12.079,5.9646
-23.009,13.96,8.3696
-22.877,13.525,4.2413
-20.733,-6.8795,-40.697
-21.805,-15.181,-35.229
-20.81,-14.036,-36.077
-18.912,-13.911,-34.868
-17.719,-12.256,-34.617
-17.383,-15.149,-30.488
-18.406,-15.565,-32.259
-17.895,-13.742,-33.722
-15.361,12.838,10.994
22.473,21.063,-24.486
22.509,25.257,-24.515
24.124,23.344,-21.286
25.31,29.122,-21.495
27.043,45.328,17.119
-7.5715,13.011,-12.535
11.174,12.866,-8.3254
9.3428,11.759,-10.16
5.9069,15.606,-4.4709
5.2551,14.446,-6.1202
3.3712,15.94,-5.1114
-0.35735,15.604,-7.4041
0.74555,12.852,-10.312
26.049,40.945,14.284
28.267,44.389,17.561
43.875,51.48,0.62616
42.22,48.742,2.234
43.381,51.814,-0.42802
26.55,6.8888,-36.984
24.972,8.2598,-36.511
26.989,9.4638,-33.79
25.722,11.413,-33.818
24.655,11.616,-37.159
30.747,7.3615,-44.03
27.768,8.1425,-40.665
33.242,11.098,-40.048
31.235,10.678,-39.537
29.033,9.7307,-33.602
30.532,11.129,-33.808
29.435,12.731,-32.785
29.495,17.789,-32.982
30.95,14.385,-33.244
32.806,16.19,-34.536
19.224,14.528,-14.046
14.546,11.722,-12.859
51.02,72.011,0.62343
47.563,72.829,-2.1278
45.058,75.322,-0.39176
49.085,75.086,3.2391
47.715,74.61,0.72806
40.791,39.737,8.1105
41.586,39.446,5.4798
42.055,41.869,6.1794
41.221,41.747,9.1726
41.531,39.62,9.1177
43.745,38.995,9.91
45.427,37.856,11.134
39.729,72.83,29.95
53.963,70.781,3.6461
55.141,72.469,8.0168
45.499,41.346,12.043
46.667,40.824,14.306
46.772,38.345,12.908
46.98,35.949,15.074
43.956,59.596,26.596
-4.7013,-4.9238,-59.192
-8.3498,-2.1383,-59.823
-5.1274,-2.911,-59
-11.546,-1.1523,-60.16
-9.0733,-0.22248,-59.572
-8.6477,0.81764,-58.851
-4.7093,0.69509,-56.325
-6.2934,-0.64627,-58.588
-35.488,-3.6351,-33.899
-35.684,-2.8058,-36.906
-33.417,-0.82971,-42.569
-31.579,-5.533,-37.205
-34.535,-3.5021,-38.121
-33.454,-9.4365,-31.521
-26.951,-12.915,-33.9
-23.684,-14.616,-35.086
-22.846,-15.921,-33.997
-31.815,-11.698,-30.347
-27.056,-14.824,-31.57
33.381,44.296,-4.4646
19.657,68.242,17.157
20.626,70.071,19.776
26.966,61.853,20.917
23.583,64.515,20.738
21.527,66.976,20.445
18.751,73.552,9.302
18.449,71.068,9.0758
-9.6209,20.937,-13.484
-9.5069,22.688,-14.445
-11.304,22.001,-17.045
-13.088,19.664,-17.105
-15.435,16.29,3.1246
-17.128,16.103,3.1184
-16.858,17.561,2.6451
-16.048,18.758,1.4822
-13.588,13.784,2.7
-12.745,15.34,1.3663
-7.7926,15.539,2.9224
-13.946,17.546,12.651
-11.903,8.2265,3.309
-10.241,8.9495,3.7393
-8.6773,10.08,5.4584
-9.9699,18.373,1.3489
-5.5986,20.911,6.7892
-8.1253,13.11,7.538
-9.3348,11.24,2.8469
31.136,11.413,-48.076
30.33,75.892,23.589
30.54,74.281,25.914
29.577,72.172,26.962
30.057,9.8142,-37.876
27.961,7.0059,-37.112
23.75,64.183,-1.4626
27.903,74.318,-4.5608
-19.078,16.653,-27.538
-18.815,16.423,-29.138
-22.603,13.686,-28.659
-11.003,22.482,-23.824
-14.748,20.188,-22.501
-15.67,19.347,-25.343
-21.372,11.956,-36.208
-21.705,13.521,-33.187
-21.98,14.114,-30.985
6.3595,19.388,-39.401
5.4628,20.399,-38.996
1.5687,18.211,-42.083
6.0497,34.928,-28.965
4.2637,33.153,-30.173
6.7625,34.108,-30.465
2.3236,30.306,-30.799
-7.1341,25.13,-22.72
-9.5048,24.385,-21.247
-8.8917,25.245,-19.89
3.2677,26.877,-32.675
-5.5866,31.296,-9.9403
-2.995,31.568,-6.8258
20.254,74.706,13.644
19.222,71.118,16.703
19.855,57.833,8.838
20.751,65.598,7.4536
21.573,75.533,13.433
24.973,75.931,17.749
28.264,76.925,17.094
25.944,76.523,15.904
27.164,77.132,13.11
20.849,65.9,11.198
21.068,64.861,10.247
23.482,15.713,-48.103
23.417,20.323,-47.856
23.068,18.486,-49.666
22.685,23.689,-41.563
22.5,21.764,-40.801
32.579,16.692,-47.934
31.616,18.723,-48.929
29.905,16.064,-50.331
25.247,25.553,-44.409
24.374,26.126,-40.259
26.513,27.145,-40.749
28.569,27.493,-40.51
30.026,27.258,-40.453
31.527,25.949,-41.617
-18.439,14.604,2.1595
-21.641,13.082,2.5885
-22.424,16.415,0.12498
17.771,21.807,-29.996
-23.822,19.441,8.2278
-24.446,18.052,7.0071
-20.179,10.361,8.5489
-20.986,13.025,9.73
-20.691,10.736,6.4661
-8.9058,13.74,8.6279
-14.685,11.679,8.0755
-16.3,8.7565,7.7064
41.325,48.659,0.82697
41.447,47.26,1.9134
36.137,15.223,-41.043
35.614,18.109,-42.438
33.724,38.145,6.3389
53.674,59.25,15.09
48.225,52.476,11.811
49.37,54.137,18.281
51.676,53.898,16.32
44.391,49.125,8.7428
42.871,48.279,6.0719
56.998,62.694,14.986
57.968,64.925,12.931
53.686,57.523,13.958
50.87,53.417,18.712
55.946,48.493,19.095
56.231,48.525,23.426
47.081,54.003,20.082
46.243,52.436,18.019
52.052,57.151,19.038
50.638,57.525,20.89
52.919,50.063,21.339
19.063,50.633,-4.0457
16.352,47.826,-4.1834
-24.061,23.421,3.831
20.016,47.53,-10.297
20.407,48.261,-8.0765
18.44,56.933,4.8705
16.513,53.841,4.2024
18.688,54.311,5.2113
25.963,34.922,-29.825
21.094,52.7,10.991
22.341,49.902,11.756
22.056,53.653,12.222
27.951,13.34,-50.374
10.416,24.213,-34.579
11.134,26.398,-33.36
12.648,24.573,-33.379
45.446,70.028,-5.4732
50.447,70.904,-0.99946
52.491,67.007,0.32442
50.139,68.974,-2.1468
23.73,27.328,-24.019
23.19,27.716,-22.715
23.514,25.303,-22.276
22.917,26.45,-24.828
45.88,56.777,0.052429
-21.372,9.2402,-39.409
-23.767,4.4588,-43.895
-26.734,3.8462,-45.696
25.639,50.21,15.079
31.41,56.216,-7.6376
33.373,42.222,-3.2108
36.43,43.452,-1.8993
37.995,45.688,-1.7452
35.597,49.787,-4.4036
36.113,52.052,-4.9585
47.205,64.16,-3.0653
28.285,63.67,25.868
25.944,66.001,25.403
30.922,66.334,28.892
34.844,65.645,30.23
32.732,63.708,28.75
31.842,58.101,23.856
37.099,59.489,27.56
30.399,56.575,22.048
46.628,65.478,30.452
43.953,67.219,31.289
39.735,65.177,31.036
37.605,54.873,23.746
40.337,59.301,27.458
40.19,57.629,28.083
37.529,52.649,21.522
42.614,54.121,23.121
43.542,49.619,29.728
46.527,53.567,23.357
-8.0308,11.292,-35.297
-11.401,5.0386,-38.325
-8.4479,6.7806,-35.577
-12.52,7.037,-34.623
-10.282,3.2427,-26.444
42.68,52.574,-1.3231
38.807,53.064,-5.8671
33.879,55.649,-5.9764
35.716,57.196,-6.206
35.133,54.824,-5.9667
39.934,61.814,-5.5791
40.503,56.33,-4.8964
39.136,58.028,-8.7811
33.755,62.112,-5.8979
51.764,54.719,13.837
57.187,63.351,11.95
23.753,66.925,0.79747
20.371,51.598,-5.9169
18.955,52.277,-4.5802
19.666,54.055,-6.6402
21.799,51.942,-7.3602
22.386,55.015,-9.7148
21.658,54.038,-9.3323
25.389,52.945,-8.5284
23.976,51.444,-7.3633
3.5424,-14.747,-49.896
-0.34059,-17.301,-49.816
2.009,-16.301,-49.577
2.0563,-15.534,-51.931
29.1,57.18,-8.0921
30.257,58.874,-6.8102
32.06,54.125,-7.0912
24.956,12.678,-38.861
25.436,11.752,-41.898
25.894,15.089,-42.984
25.283,13.26,-43.871
26.227,7.1974,-38.588
24.926,7.7174,-37.649
23.963,10.327,-40.657
23.782,9.6468,-39.141
24.692,8.9467,-40.775
40.784,42.371,0.95347
55.429,68.713,4.9096
53.574,68.772,2.0112
49.868,67.008,-2.4568
50.254,64.772,-1.5022
52.115,56.859,6.4785
57.307,68.712,9.0569
57.522,66.622,9.4137
26.525,53.601,-10.831
-7.2606,15.095,-42.86
-9.7802,12.03,-38.373
-5.9324,17.066,-37.687
-5.3432,17.441,-39.282
-10.517,28.618,8.9951
-11.796,25.851,9.4901
-12.48,27.099,8.45
-0.36389,25.305,-29.299
-3.5267,26.63,-25.102
-1.913,27.716,-26.811
17.573,55.847,14.137
18.122,54.289,12.145
22.362,64.501,16.89
22.278,64.496,14.041
22.467,63.836,16.145
22.379,58.537,15.126
19.289,57.41,15.283
16.836,59.748,14.455
25.346,61.776,18.725
22.734,63.315,17.836
29.504,39.632,15.917
40.745,66.834,-6.2131
44.072,66.391,-5.5751
34.101,39.924,18.913
35.5,41.611,19.79
34.383,42.09,18.118
36.024,45.285,16.138
33.256,41.73,16.214
0.46872,22.259,-36.961
0.17125,19.703,-40.441
1.8905,20.413,-39.663
-8.0767,11.819,-30.248
-3.7199,9.8816,-15.44
-5.5427,6.8463,-22.989
-7.6646,5.6347,-26.322
-4.409,10.316,-25.619
-3.9101,9.406,-31.923
30.357,51.677,-7.7367
29.069,51.709,-9.8623
27.088,50.9,-7.8582
27.604,52.289,-10.468
22.017,31.392,-30.722
21.626,28.026,-29.797
21.477,30.11,-29.872
18.277,57.859,1.5822
19.143,59.577,3.3334
19.913,59.847,1.0061
54.525,63.542,4.2499
55.052,62.626,6.1742
55.298,54.195,11.43
54.162,52.334,12.397
52.561,46.879,27.282
-13.486,15.866,-31.856
-19.097,14.457,-32.909
20.812,51.686,9.0935
19.42,49.525,5.3076
16.035,55.444,3.5133
15.309,53.858,2.9709
17.944,57.552,3.3226
15.182,55.5,1.3238
52.943,47.324,27.678
17.645,56.467,-4.7422
20.27,58.129,-3.0397
20.038,56.223,-6.0218
-5.7587,-6.0732,-59.291
-8.8499,-5.2393,-59.117
-9.6283,-6.3065,-57.852
-12.171,-5.3322,-57.973
-11.083,-3.1471,-60.103
-10.183,-5.5048,-58.403
-1.2821,35.859,-8.2782
17.873,56.359,-0.59807
19.892,58.402,-1.4869
16.972,56.054,-3.3735
15.192,53.792,1.0408
17.376,53.714,-1.0362
16.084,52.443,2.1221
-4.9105,21.631,-26.071
36.635,54.548,28.796
39.628,53.401,30.134
-7.9893,18.222,-29.004
-8.9684,13.252,-31.337
-8.8142,15.25,-30.738
-10.781,16.464,-30.931
19.62,46.986,-13.816
22.258,46.921,-13.184
42.184,57.32,-3.4479
34.465,56.637,27.627
31.309,60.247,25.229
33.837,57,25.631
35.314,54.997,27.852
35.538,56.549,25.251
52.666,55.211,8.2381
53.87,59.548,11.508
-1.6085,11.729,-23.25
2.7057,14.144,-21.793
53.767,47.614,23.616
-7.4758,22.985,-24.909
-8.5112,24.439,-22.54
-6.1527,15.268,-28.93
17.358,55.422,10.938
-4.8693,17.898,-34.859
-2.1792,18.745,-28.272
21.143,56.361,-8.4354
23.532,57.466,-7.374
24.975,56.38,-8.0466
-3.2855,16.758,-28.445
18.401,58.431,16.865
16.356,57.471,14.149
16.985,59.015,16.72
42.261,58.003,-9.7141
38.204,56.1,-8.7675
56.785,49.635,15.931
57.233,48.998,19.255
44.89,59.339,-8.1902
44.668,61.425,-6.9581
45.274,63.334,-3.0643
55.609,52.627,11.945
55.429,51.367,12.943
-3.9654,16.383,-27.489
0.84032,13.719,-24.348
-0.57969,16.346,-25.107
-0.67574,16.06,-27.006
-2.6831,15.859,-24.332
2.9507,13.042,-25.108
51.931,67.231,28.52
50.654,68.917,29.488
47.697,67.634,30.6
28.725,33.75,-17.814
25.653,30.513,-19.105
-22.337,-10.211,-39.287
-21.861,-12.919,-37.426
-23.698,-12.822,-37.033
-1.282,32.55,7.0625
1.3927,5.7925,-48.034
-12.448,1.4519,-29.225
29.056,20.693,-31.438
28.878,69.524,27.619
32.59,73.292,27.749
-23.171,11.122,-24.892
-1.5886,14.448,-46.315
0.60379,15.536,-44.869
2.9403,16.523,-43.178
3.3709,15.053,-43.809
-5.7993,20.77,3.9477
-29.257,8.2601,-37.937
-30.455,7.3304,-36.532
-27.098,9.9188,-33.22
-25.136,11.179,-35.421
-28.169,8.659,-38.88
30.804,79.524,0.73631
-14.637,8.0505,-50.072
-14.03,8.1372,-50.868
-15.427,5.2781,-54.245
-35.301,-0.11434,-40.198
-35.688,-0.003013,-36.337
-31.697,6.032,-37.925
-34.352,2.9771,-36.865
-18.933,-1.426,-57.427
-13.05,-2.035,-60.219
-13.205,-3.2679,-59.941
-16.171,-2.1247,-59.12
-7.2341,-9.2575,-57.323
-8.2723,-14.075,-50.643
-6.5909,-15.204,-50.89
-11.197,-12.447,-49.792
-12.864,-12.23,-47.16
-14.602,-9.5508,-46.791
-14.403,-8.6692,-45.306
-16.21,3.5157,-43.584
-13.228,8.4974,-41.755
-15.468,5.5721,-43.311
-16.9,6.2441,-48.687
-17.67,4.9394,-47.486
-11.255,11.367,-46.255
-7.9778,10.509,-50.184
-18.812,-1.8828,-39.916
-19.543,-6.4219,-39.876
-23.069,-4.1967,-44.179
-20.793,-4.7391,-42.217
20.843,76.41,9.3664
21.94,76.579,10.577
23.424,76.338,12.823
-18.486,27.448,4.6761
1.071,34.834,-23.084
6.7136,37.593,-22.438
8.5139,39.459,-19.493
5.4427,38.623,-18.069
4.7388,35.485,-26.473
-0.4035,-8.7966,-57.643
0.71601,-11.183,-56.453
-0.85388,-13.045,-56.296
1.6726,-13.532,-54.444
-2.295,-11.917,-57.272
-12.067,8.7615,-39.868
-9.7283,12.752,-39.58
-8.1976,14.636,-41.34
-9.9631,12.833,-40.961
-11.833,11.147,-44.404
-10.717,4.2436,-37.812
-2.5445,-2.8697,-42.823
-3.3237,-2.0071,-41.771
3.1956,24.998,-34.358
5.2515,26.359,-33.759
5.4122,24.986,-34.847
15.486,45.611,-13.568
19.587,46.196,-15.627
19.019,50.829,2.8784
17.213,46.194,-0.17631
18.229,48.762,1.2595
-16.143,24.763,-0.4704
-16.053,20.534,-0.43544
-17.273,21.349,-0.95196
13.309,41.696,-18.44
12.629,40.576,-20.449
13.968,39.552,-22.768
23.631,41.66,8.9199
22.822,43.324,9.8583
38.33,76.607,-3.1598
37.272,77.089,-2.7371
32.534,78.801,-2.1223
25.244,19.038,-34.876
24.594,20.693,-35.225
30.261,29.716,-38.196
28.588,29.32,-39.094
32.594,25.782,-38.101
33.375,27.69,-35.901
33.344,24.647,-37.158
23.598,31.118,-33.145
22.697,35.479,-28.013
26.373,32.322,-33.375
30.27,33.001,-25.327
29.716,30.231,-24.064
41.566,55.71,-2.1456
44.29,57.371,-1.3821
-4.4335,-5.6092,-42.591
1.9157,-7.261,-45.579
0.22376,-8.1665,-43.426
-1.1381,-6.0232,-44.269
24.029,19.914,-38.127
29.923,8.58,-45.391
26.416,9.8486,-45.953
34.313,17.35,-45.687
25.49,37.881,-3.7605
26.525,40.75,-3.9995
26.061,40.468,-4.6984
24.708,45.64,-12.905
-1.0585,19.732,-5.4194
9.4915,18.568,-1.5161
9.0495,22.248,0.96563
6.7083,21.324,-0.34538
5.1836,19.429,-1.5288
-12.536,19.892,12.163
-9.2666,22.487,10.337
-8.1412,21.093,9.4842
-14.501,23.516,10.832
-15.485,25.745,9.0411
23.185,34.883,-0.42708
14.313,26.598,3.0769
24.227,32.208,-2.0959
31.586,23.975,-31.375
31.483,21.43,-31.691
22.367,17.416,-15.817
22.284,21.049,-6.8611
19.324,23.646,-1.2278
20.054,25.335,-0.88398
17.398,21.871,-0.8179
28.295,24.921,-11.542
25.519,21.833,-11.099
24.127,19.215,-14.589
28.266,54.481,19.132
41.699,47.011,9.2667
45.657,77.674,21.066
36.383,46.741,15.773
53.488,75.44,16.513
51.406,76.366,14.395
48.999,74.945,26.419
52.921,74.662,23.078
49.921,76.543,21.797
38.569,43.522,20.104
39.626,48.307,16.087
45.495,73.315,29.407
56.724,66.61,22.89
56.137,64.444,22.573
54.781,71.418,24.861
55.981,72.438,21.036
57.151,68.337,21.986
57.312,71.374,17.736
40.074,33.979,11.641
38.111,33.107,14.292
46.627,56.924,25.595
53.064,61.978,23.894
-4.7823,8.2853,-52.228
-3.1527,4.4424,-53.148
40.007,77.93,6.3048
-27.291,7.2373,-28.143
-27.759,5.5519,-28.089
-27.709,7.8106,-29.393
27.863,57.755,-7.4193
25.065,58.748,-6.0224
24.574,77.892,0.13614
27.177,77.814,-2.3864
26.199,78.819,-0.058784
26.068,75.982,-2.8584
20.154,70.79,3.5614
20.77,73.24,2.1154
21.736,67.336,3.9501
-33.196,-10.851,-29.367
-31.857,-12.825,-28.694
-29.78,-15.586,-26.891
-30.118,-15.13,-25.778
-31.692,-13.209,-26.065
-32.322,-10.673,-25.089
-30.551,-6.9039,-23.774
-33.056,-8.3615,-25.913
-12.815,30.448,3.8078
19.987,62.616,8.0038
35.884,75.538,-5.7916
38.136,75.551,-5.0346
32.526,73.799,-6.4183
33.332,75.168,-6.1709
-6.2829,2.569,-36.271
-2.7429,1.2943,-37.966
-9.9441,9.3906,-32.706
-11.43,3.2529,-31.892
-17.101,17.306,12.996
-17.262,20.051,12.141
-7.5281,31.397,5.9447
-6.6659,32.429,4.3595
-1.9776,35.645,3.0857
-3.1422,34.979,2.0141
-5.595,30.106,-1.1892
-3.9489,33.72,0.16441
-0.43192,26.752,-2.3963
-1.4955,26.041,-0.37153
19.734,36.361,-23.211
23.122,38.642,-24.575
23.211,36.672,-27.061
6.3799,42.304,-8.9334
8.4577,42.271,-11.631
14.015,47.451,-5.0919
12.065,46.918,-5.5239
27.884,76.354,20.291
27.74,75.068,23.245
23.766,75.109,19.015
-14.407,-0.25487,-34.155
-14.531,-0.53799,-29.738
32.423,24.677,-42.299
29.651,35.457,-22.663
29.768,33.631,-22.107
29.534,35.056,-25.265
27.503,37.615,-24.798
8.2326,42.639,-0.87595
19.738,40.01,1.6263
18.152,44.192,1.0865
14.485,43.855,1.9752
16.815,40.508,3.688
8.6639,41.298,3.2128
29.912,27.356,-26.753
0.062167,34.995,5.5705
3.9343,32.619,6.5561
9.2644,37.454,5.6381
2.3259,34.631,6.2645
-18.016,-6.1181,-28.481
-18.605,-8.469,-24.998
-17.318,-8.2678,-27.541
-17.267,-10.644,-26.083
-16.663,-13.234,-28.528
-16.474,-9.3091,-29.371
4.5287,-10.583,-50.833
2.432,-11.576,-54.851
0.64062,-7.5148,-56.76
1.8816,-9.2258,-55.894
3.5777,-10.041,-53.482
1.9385,-4.9065,-52.148
2.997,-7.2826,-53.456
-17.075,9.3342,-19.238
-13.243,12.857,-15.902
-11.285,17.494,-14.457
-14.035,14.254,-16.359
6.6944,7.3431,-38.526
5.5239,6.056,-37.761
15.059,13.233,-24.844
1.6581,11.289,-16.412
-0.26589,10.984,-14.434
9.825,11.679,-24.046
10.355,11.658,-21.72
16.532,12.514,-16.036
10.843,12.592,-36.054
12.917,13.183,-32.42
12.06,11.792,-29.899
16.246,15.071,-28.368
15.421,15.209,-30.123
14.872,16.045,-31.722
4.9085,27.834,-0.13849
5.0713,28.954,0.63061
7.1281,26.172,0.87762
7.6998,28.196,0.30861
14.618,21.553,0.46161
31.416,41.221,-3.1539
30.267,39.708,-1.765
-13.05,7.8413,4.7651
-14.182,9.5015,6.7135
29.474,38.898,10.202
34.451,22.202,-40.098
35.664,18.572,-38.455
35.249,20.387,-38.83
38.165,77.991,20.13
35.18,78.017,16.325
20.238,15.555,-22.393
-7.1514,-15.139,-43.503
-6.425,-17.22,-47.341
-5.399,-17.473,-46.234
-4.9571,-16.489,-44.021
-1.4999,-17.389,-45.682
-1.8264,-16.213,-43.706
33.058,37.593,13.512
35.756,34.276,14.972
34.624,35.517,17.728
42.48,49.142,15.875
41.237,32.423,14.134
43.537,33.86,12.215
45.77,34.286,14.375
5.1715,30.851,-32.383
6.55,32.491,-31.917
8.9426,33.629,-31.455
27.184,70.586,-3.9552
23.033,68.448,1.2054
26.836,67.975,-2.1858
11.261,35.576,-29.162
12.713,34.25,-30.174
-6.7997,22.875,-10.595
-4.7982,22.26,-8.3953
-5.1406,25.018,-8.2369
13.684,26.516,-32.438
10.969,29.833,-32.847
14.005,31.589,-31.196
20.842,45.161,7.9542
24.721,45.295,13.112
25.615,47.25,14.429
8.0734,8.2304,-33.767
8.8262,9.6112,-30.003
17.077,37.347,4.5128
14.033,35.628,4.2456
11.29,36.588,5.3282
-17.839,-15.909,-28.799
-20.665,-17.801,-29.992
-23.799,-17.932,-25.01
-22.197,-18.25,-28.747
-28.342,-16.214,-28.379
-24.373,-16.721,-31.789
-24.25,-17.539,-30.553
-23.108,-17.988,-30.113
-22.371,-17.026,-32.654
-20.46,17.934,11.487
21.762,17.475,-22.851
-6.8715,11.363,-13.362
-3.4879,12.753,-11.367
27.598,40.918,16.337
26.963,42.784,16.935
33.1,20.883,-34.38
31.693,19.654,-33.564
49.9,75.696,6.1079
51.167,75.692,8.6873
51.543,74.43,5.2058
53.021,72.589,4.1892
50.712,73.373,1.9558
42.951,43.78,4.4341
41.557,45.028,6.3745
40.983,41.648,7.8264
41.423,44.557,10.717
42.754,44.869,12.983
45.256,43.333,15.906
45.195,43.015,13.88
41.12,34.887,10.568
37.363,70.145,30.743
39.869,68.079,31.402
57.451,70.474,11.505
58.285,67.42,12.862
56.477,70.441,8.1785
-29.569,-9.1636,-35.372
-33.927,-7.8257,-32.904
-34.606,-5.4006,-34.152
-31.369,-6.3159,-36.387
20.575,66.157,14.768
22.596,69.504,22.566
23.801,67.523,23.732
18.471,69.816,12.864
-12.679,20.247,0.67737
-11.221,19.932,1.0759
-14.033,18.355,1.4548
-14.267,11.006,1.158
-13.019,12.465,2.2631
-6.7809,21.513,1.9259
-8.5014,20.125,2.6262
-7.4614,19.366,4.5421
35.11,11.094,-44.531
32.915,8.0502,-43.302
32.799,12.174,-37.135
31.99,13.25,-34.461
28.131,7.9244,-39.932
29.474,8.6807,-39.047
28.1,64.005,-4.5011
-19.652,14.815,-22.573
-19.666,13.712,-21.589
-11.745,22.685,-21.155
-12.158,22.124,-23.021
-16.282,13.177,-34.839
-13.954,13.263,-34.169
-18.122,10.609,-37.462
-17.993,13.376,-34.697
1.2177,30.539,-29.465
-1.8227,31.235,-25.334
-9.8948,24.003,-17.608
-8.8621,25.265,-16.95
-8.1238,25.852,-14.285
0.10066,22.819,-35.569
0.66149,24.665,-32.078
-1.6308,22.011,-32.84
-2.2601,33.889,-7.4193
22.53,71.493,21.836
23.49,73.865,20.95
20.207,60.202,10.368
20.908,62.37,10.634
22.729,22.948,-44.128
27.54,11.304,-48.34
-19.396,10.14,4.7577
-18.116,9.3709,8.9806
-9.1309,10.1,6.9587
-9.5656,10.97,7.67
49.192,53.676,16.365
57.976,69.997,14.353
52.045,54.744,11.503
50.876,54.729,11.037
44.377,50.587,16.306
53.936,57.447,11.523
54.516,53.337,20.196
53.226,57.45,15.977
56.502,51.503,17.831
57.005,50.838,16.626
53.81,50.502,24.987
25.902,46.813,-7.8762
22.782,47.501,-8.53
24.243,13.239,-48.34
24.332,15.483,-49.442
17.362,24.04,-30.268
10.909,21.948,-35.204
49.594,58.435,3.8369
33.354,58.743,-6.3794
38.902,44.151,0.52758
37.89,42.53,0.68643
36.016,47.348,-3.8296
30.396,63.843,27.588
37.222,67.234,31.076
37.567,60.979,27.921
40.156,62.61,29.728
40.813,52.676,21.25
40.91,60.462,27.76
37.953,58.069,28.027
-5.4311,12.38,-32.748
-12.799,9.2131,-34.981
-13.331,10.634,-35.113
-5.8641,6.4691,-21.766
-6.4107,6.4143,-20.363
-10.597,3.279,-24.681
-8.7497,5.3531,-20.696
40.195,55.849,-3.8832
37.986,50.578,-3.075
38.149,52.043,-3.7315
37.429,54.559,-8.0366
37.058,51.777,-4.6166
32.822,66.861,-4.6558
33.713,65.326,-4.8066
26.316,49.69,-7.4585
23.663,49.967,-7.3544
30.183,52.987,-10.266
28.312,53.426,-11.552
25.466,11.751,-46.717
56.619,66.307,6.7492
56.76,64.588,8.036
54.721,65.492,3.5074
-4.6238,25.505,-24.281
-5.8434,26.79,-22.763
-4.9113,29.208,-23.128
21.104,57.429,13.684
17.539,57.566,11.161
44.148,62.623,-3.9813
41.901,64.305,-4.3956
-5.3018,11.011,-26.858
-7.2719,7.2277,-28.276
-4.6741,8.6246,-24.653
2.0352,7.2582,-31.408
1.2517,8.6384,-30.101
21.228,26.295,-26.992
20.07,27.852,-27.925
19.139,29.488,-27.751
55.973,61.535,12.312
53.488,60.053,7.7823
55.539,46.967,24.086
20.072,54.944,6.7704
17.091,53.646,-3.3969
18.693,52.002,-2.3811
17.096,54.999,-0.99591
45.081,59.599,-5.6342
33.466,56.93,24.123
36.035,55.626,24.123
37.027,54.36,27.505
1.1797,13.81,-21.567
3.8821,12.319,-19.031
-4.005,23.368,-25.248
-5.6146,23.305,-24.9
42.709,51.862,30.909
19.553,62.748,17.604
21.396,61.296,18.859
42.487,56.501,-8.8197
42.492,57.366,-5.869
41.358,55.61,-7.4731
45.788,61.567,-1.3976
0.048843,12.979,-27.748
0.89266,13.832,-25.531
8.2258,19.361,-38.184
12.152,18.866,-35.091
29.541,30.872,-34.572
30.533,30.632,-33.583
28.654,36.073,-8.3647
26.169,41.151,-6.152
26.588,37.445,-5.3079
24.839,45.267,-8.5133
-35.213,-0.10931,-34.21
-35.508,-2.6541,-33.33
-20.146,5.154,-41.76
-20.993,6.0417,-41.779
-22.316,6.9422,-41.62
-16.803,8.5531,-38.121
2.7654,19.888,-2.5836
0.76022,24.892,-3.1667
3.968,21.311,-1.3453
1.7827,25.364,-2.209
0.47509,32.934,-2.9601
4.8005,29.934,4.7718
7.3702,31.98,4.9159
4.269,30.988,5.965
-16.484,9.5022,4.2308
-20.173,11.342,2.8953
28.24,40.814,-18.149
27.224,42.537,-16.542
28.876,39.984,-16.263
40.481,32.262,16.334
38.598,32.545,16.753
45.717,54.33,22.146
-17.235,-6.0562,-33.722
-16.48,-9.4593,-32.185
-16.916,-11.024,-33.589
-17.037,-8.4996,-34.377
33.107,48.761,17.109
29.253,24.549,-47.363
16.717,26.053,-30.836
16.331,29.113,-30.501
18.966,26.946,-28.635
21.915,50.838,-6.8913
18.883,48.47,-6.8853
-21.697,21.488,-0.31884
-24.361,20.081,0.16564
-25.086,21.034,1.979
40.324,50.065,-1.0965
39.588,52.931,-2.0674
36.98,61.065,-5.5013
52.646,64.688,1.0522
52.594,63.065,2.0175
51.303,59.9,4.3152
50.749,55.235,8.3378
50.226,56.168,5.8641
27.944,38.991,12.515
30.85,37.566,11.734
29.824,38.055,13.939
-6.0619,13.833,-33.522
-5.4622,16.213,-33.826
19.617,52.055,5.0377
-2.5125,14.931,-28.946
41.299,54.521,25.753
41.945,54.652,24.496
-14.308,1.2985,-41.474
-16.06,-0.85308,-43.75
-15.183,-2.5646,-43.536
-5.8944,15.779,-43.386
-1.1897,19.495,-40.355
-4.0371,18.364,-39.589
-4.9667,16.077,-43.7
-4.4549,14.725,-45.934
19.965,40.687,-20.612
18.297,36.987,-22.561
19.525,39.075,-21.297
17.287,39.776,-21.627
13.053,17.737,-34.418
9.8011,14.731,-38.009
27.994,40.392,-8.7467
27.882,41.017,-12.732
25.92,14.463,-33.439
26.918,17.84,-33.434
15.003,17.389,-3.8488
12.64,18.792,-1.4638
12.09,16.492,-3.928
54.352,74.631,19.206
-15.068,2.4836,-36.903
-16.252,7.2408,-38.195
3.1418,11.307,-26.981
-9.4639,28.529,0.30089
-11.083,27.041,-0.30184
-7.2878,25.827,-0.46551
-6.2135,24.613,0.058303
-8.3048,26.788,-0.4481
12.316,46.384,-8.5692
11.175,44.785,-10.311
-2.1987,26.028,-4.6522
0.55731,32.178,-3.7601
-1.2843,30.563,-4.8849
4.5806,40.431,0.90978
2.8031,38.492,-0.97251
-4.3661,28.266,8.5936
-4.0236,30.117,8.1099
-14.896,5.5036,-20.164
-21.788,6.2939,-23.002
-18.377,4.0684,-22.345
-19.384,5.0894,-22.162
30.485,30.62,-25.84
32.242,27.951,-32.747
32.075,26.283,-31.57
0.83106,31.655,7.2537
9.2895,31.604,2.9917
11.188,32.155,2.7542
12.675,33.62,3.6584
28.514,38.781,-12.66
29.204,38.277,-15.745
23.635,39.371,0.58765
23.244,37.81,-0.88315
25.235,39.028,-3.0535
47.604,77.022,9.0988
27.709,34.291,-6.6605
27.56,31.615,-7.1555
26.434,30.893,-5.974
27.253,28.192,-8.3089
39.6,40.445,22.461
37.566,41.504,21.308
57.888,64.978,17.451
58.202,66.5,17.67
56.937,64.534,20.907
50.013,62.802,27.69
49.013,61.123,26.55
49.161,56.645,23.536
49.344,53.204,26.881
0.28621,13.788,-46.355
0.11234,11.788,-47.658
0.49109,6.8864,-49.015
-1.3226,8.3638,-50.172
32.51,77.439,19.801
30.338,77.522,14.405
33.376,77.77,17.255
-3.2498,35.194,-16.653
-1.7791,3.1527,-52.239
-0.74666,2.53,-50.957
-7.5748,-5.8388,-42.007
-9.0503,-3.8395,-41.262
-10.011,-5.0316,-42.047
-11.524,-6.7284,-42.765
-8.6862,-7.2215,-42.12
-13.774,27.491,1.2035
-30.637,-1.6089,-27.434
-29.665,0.1941,-27.912
24.036,39.198,4.0325
37.764,68.491,-6.8052
2.0722,4.0962,-36.459
-0.3428,1.705,-39.015
0.67602,1.1329,-43.697
2.843,3.7094,-40.265
24.558,29.159,-18.674
26.069,25.689,-18.1
25.683,24.228,-18.875
23.585,28.011,-21.534
10.502,10.674,-14.728
13.599,11.862,-11.514
45.599,53.166,2.837
-1.7541,-1.8911,-55.145
0.90743,-4.6054,-54.319
-2.2061,-5.519,-58.284
0.17625,-5.2145,-56.069
-3.089,-2.9001,-57.71
-6.8767,18.296,-10.767
-8.0416,21.89,-11.99
-10.253,18.556,10.892
34.919,74.669,27.433
30.895,63.828,-5.3083
26.388,15.71,-50.798
25.38,17.324,-51.526
25.867,18.756,-51.801
27.73,19.2,-51.693
24.443,22.703,-47.709
23.647,24.772,-43.351
23.322,26.992,-37.661
23.273,27.523,-35.186
25.498,29.535,-36.634
24.597,28.325,-38.524
-20.216,20.531,-0.68332
-18.592,18.458,1.244
-19.651,16.346,0.62623
19.651,20.828,-28.025
-21.896,16.44,10.589
-22.659,20.742,9.168
-22.953,17.797,9.079
42.545,46.871,4.854
42.976,45.581,3.0756
42.625,48.222,3.7895
35.271,13.171,-39.59
39.335,37.56,6.3095
39.201,37.802,8.8132
49.162,53.853,20.306
20.023,54.964,8.2863
28.012,35.02,-28.557
29.385,34.425,-27.482
24.564,53.676,16.575
47.463,70.658,-3.846
29.426,50.322,17.399
28.926,52.864,18.814
33.533,68.714,30.004
43.462,63.791,30.418
37.676,55.293,25.763
21.237,60.733,-0.85434
32.564,52.254,-5.9317
27.956,8.742,-43.968
42.627,41.576,4.2116
40.172,38.543,4.0078
39.483,40.189,1.8679
48.48,59.943,1.5092
50.762,62.347,0.79242
25.271,24.956,-27.221
23.838,25.961,-26.509
22.986,26.141,-27.261
-8.1825,25.609,10.62
-7.586,28.2,9.0147
-9.0521,27.011,10.201
-4.2625,18.867,-35.447
-1.2782,22.062,-34.772
-0.88054,11.182,-20.582
52.362,49.049,27.945
-15.067,17.835,-29.185
-13.955,17.685,-29.759
-10.611,21.439,-25.823
-9.8818,19.671,-28.103
22.117,60.077,-2.5227
1.4856,37.063,-6.1748
3.247,36.111,-4.8395
1.563,38.3,-7.0951
0.24945,37.702,-10.611
-2.1325,22.288,-26.481
-1.3561,21.973,-27.973
41.35,50.769,29.813
24.744,45.747,-11.642
53.361,55.806,7.8662
56.88,47.625,20.874
-5.3235,17.204,-28.223
19.95,53.129,9.5064
36.674,56.427,28.583
-4.0966,15.127,-30.584
-2.3001,11.197,-30.264
43.925,49.61,30.985
48.295,47.87,29.889
-0.34506,13.576,-23.499
10.791,11.531,-26.544
41.61,47.367,14.946
41.431,45.81,11.895
41.392,46.458,11.44
42.288,47.669,12.1
-21.166,-4.357,-25.776
-19.728,-5.4377,-26.367
-17.802,-1.9234,-27.71
-19.582,-3.7202,-26.963
-17.331,-0.48931,-26.745
-19.891,-1.5491,-26.242
32.713,71.686,-6.6554
29.386,67.632,-3.7308
22.225,26.68,-28.415
23.444,60.958,17.899
-5.2428,13.474,-27.328
