-0.047057,0.16505,-0.98516
0.38042,-0.72773,0.57069
-0.48112,-0.71951,-0.50083
-0.24633,-0.73611,-0.63044
-0.019512,-0.68826,-0.7252
0.86107,-0.44705,-0.2423
0.94727,-0.31379,0.064891
0.4928,-0.81636,0.30116
-0.049778,-0.75611,0.65255
-0.79926,-0.56432,0.20671
-0.60478,-0.58835,0.53674
-0.097018,-0.98935,0.10848
-0.62065,-0.001632,0.78408
-0.43453,-0.26887,0.85959
0.73627,0.050554,-0.67479
0.51108,-0.80046,-0.31314
0.3686,-0.68546,-0.62791
-0.14498,0.85831,-0.49223
-0.18131,0.82184,-0.5401
-0.70009,0.361,-0.61608
-0.83233,0.46661,-0.29916
-0.68046,0.72082,-0.13187
-0.036875,0.39741,-0.9169
0.18972,0.6463,-0.73912
-0.8006,-0.58803,-0.11513
-0.95416,-0.20221,0.22066
-0.84001,-0.044976,0.5407
-0.7275,-0.12694,0.67426
-0.82125,0.55004,0.15168
-0.95964,0.25284,-0.12318
-0.78782,0.51455,-0.3385
-0.69601,0.71728,-0.032984
-0.58116,0.7939,-0.1788
-0.34389,0.84149,-0.4167
-0.069435,0.6832,-0.72692
-0.70402,-0.2012,-0.68109
-0.75204,0.2319,-0.61697
-0.49789,-0.073232,-0.86415
-0.58187,-0.44205,-0.68266
-0.11825,-0.256,-0.95942
0.19153,-0.36743,-0.91012
-0.28812,-0.59494,-0.75036
-0.46715,-0.68606,-0.55775
-0.45988,-0.7778,-0.4284
-0.51629,-0.68567,-0.51312
-0.48075,-0.71193,-0.51189
-0.58391,-0.59749,-0.54959
-0.78386,0.1434,0.60415
-0.2073,0.78829,-0.57934
-0.43035,-0.28789,0.85552
0.14898,-0.097536,-0.98402
0.62803,0.13097,-0.76709
-0.032489,0.95563,0.29278
-0.74598,0.62043,0.24203
-0.56845,0.8156,-0.108
-0.11847,0.95506,-0.27172
-0.17201,-0.34019,-0.92449
-0.75742,0.63773,0.14006
0.007672,-0.67658,0.73633
-0.11131,-0.57375,0.81143
0.25257,0.57316,-0.77955
0.60411,0.48223,-0.63443
-0.045808,0.92295,0.38219
-0.18938,0.78675,0.58751
-0.373,-0.73927,-0.56067
0.23803,-0.73633,-0.63337
-0.29435,-0.93033,-0.21875
-0.39511,-0.79436,-0.46138
-0.29188,0.89056,-0.34885
0.34602,0.79387,-0.50004
-0.53878,0.071876,0.83937
-0.055332,0.56951,0.82012
-0.99431,0.076389,-0.074247
-0.98328,-0.015642,-0.18146
0.9556,-0.033549,0.29275
0.012968,-0.92207,0.38681
-0.10524,-0.91451,0.39063
-0.1216,-0.9232,0.36457
-0.83064,-0.54285,0.1239
0.81111,0.065473,-0.58122
0.23459,-0.39059,-0.89017
0.20438,-0.064764,-0.97675
-0.078201,-0.12255,-0.98938
-0.33099,-0.5565,0.76207
0.091494,0.38664,0.91768
0.6815,-0.49023,0.54336
-0.93902,-0.1364,0.31566
-0.28587,-0.1209,0.95061
-0.50276,-0.027402,0.86399
0.96361,0.26228,0.051609
0.7655,-0.30594,0.56605
0.99099,-0.072049,0.11292
0.52821,-0.76029,0.37809
0.74696,-0.65851,0.091676
0.21562,-0.18308,0.95916
0.76086,-0.23105,0.60639
0.97375,-0.003693,0.2276
0.85765,-0.50185,-0.11219
0.90447,-0.33771,-0.26054
0.00433,0.99993,-0.011292
0.13833,-0.74153,0.65651
-0.053601,-0.79297,0.6069
0.3506,-0.028165,0.9361
-0.3492,0.30545,0.88587
0.19572,0.91385,0.35576
0.074037,0.41072,0.90875
0.57433,-0.54993,0.60641
0.33079,0.93449,-0.13152
0.22146,-0.007995,0.97514
-0.26877,-0.66308,-0.69863
0.75477,0.50203,0.42224
0.75241,0.17466,0.63512
0.78711,-0.22581,0.574
0.76469,-0.58348,0.2735
0.91894,0.37514,0.12175
0.6026,-0.62286,0.49891
0.5022,-0.75865,0.41502
0.64772,-0.68927,0.32459
0.23359,0.54605,-0.80453
0.19619,0.9644,-0.1773
0.095752,0.99395,-0.053787
-0.50099,0.48926,-0.71389
-0.64852,0.44128,-0.62023
-0.87157,0.26157,0.41467
-0.86662,-0.41313,-0.27981
-0.98651,0.085478,0.13959
-0.96615,-0.16128,-0.20135
-0.99009,-0.12741,0.05902
-0.93654,0.084919,0.34012
-0.73734,0.5689,0.36425
0.027419,-0.72166,0.69171
0.81365,-0.25311,-0.52337
-0.4041,0.32181,0.85624
-0.7136,0.62466,0.31714
-0.58527,0.80903,0.054079
-0.34139,0.81274,0.47213
-0.3809,0.61763,-0.68808
-0.51992,0.56678,-0.6391
-0.51967,0.54151,-0.66085
-0.36216,0.063742,-0.92993
-0.58756,0.50273,-0.63406
-0.64881,0.4974,-0.57588
-0.78174,0.34289,-0.52087
0.45847,0.64441,-0.612
-0.52888,0.75491,0.38782
-0.17572,0.95356,0.24462
-0.51488,0.54557,0.66125
-0.58581,0.30898,0.74924
0.69152,0.55593,-0.46123
-0.60141,-0.28285,0.7472
0.099282,0.1679,0.98079
-0.36184,0.86915,0.33713
-0.38656,0.83511,0.39137
0.061857,-0.79362,0.60526
-0.14626,0.69725,0.70175
0.3127,0.26545,0.91201
-0.13341,0.46205,0.87676
-0.29327,0.67285,0.67917
-0.056043,0.71946,-0.69227
0.97869,0.13263,0.1568
-0.66094,0.063488,0.74775
-0.12111,-0.65612,0.74488
0.040298,-0.69813,0.71483
-0.10528,-0.99381,0.035391
-0.30812,-0.53219,0.78856
-0.16412,-0.64897,0.74291
-0.17281,-0.95108,-0.25609
0.7284,-0.15548,-0.66727
-0.45485,0.068015,0.88797
-0.22489,-0.080773,0.97103
0.40904,-0.30055,0.8616
0.26621,-0.19689,0.94359
-0.25511,-0.48405,-0.83703
-0.31319,-0.94719,0.068887
-0.47314,-0.80733,0.35264
0.27939,0.19582,0.94
0.44077,-0.48602,0.75465
0.69299,-0.43671,0.57363
0.62641,-0.75346,0.19976
0.75915,-0.54873,0.35012
0.86044,-0.21713,0.46097
0.78743,-0.035874,0.61536
0.69126,-0.52439,-0.49716
0.77617,-0.42647,-0.46442
0.87028,-0.006598,-0.49252
0.9346,0.032004,-0.35425
0.84309,-0.49686,0.20572
0.97553,-0.2062,0.07626
0.68128,-0.003619,0.73202
0.91642,-0.14372,0.37352
-0.088304,0.96145,0.26042
-0.13926,-0.99007,0.018996
-0.2363,-0.95701,-0.16818
-0.88713,-0.37814,0.26461
-0.12181,-0.65436,0.74631
-0.23073,-0.87663,0.42223
-0.56288,-0.56573,0.60259
-0.56541,-0.17934,0.80507
0.35961,-0.748,0.55783
0.30112,-0.49625,0.81429
0.82362,-0.53388,0.19138
0.060225,0.68234,-0.72855
-0.034665,0.9987,0.037361
-0.077867,0.99194,0.099913
-0.014034,0.31408,-0.94929
-0.7351,-0.32245,-0.59636
-0.73326,-0.098652,-0.67275
0.84294,0.33452,-0.42136
-0.55257,-0.70996,-0.43661
-0.47982,-0.4824,0.73284
0.13676,-0.248,0.95906
-0.042526,0.11527,0.99242
0.31374,0.36991,0.87449
-0.17394,-0.98475,0.004414
0.3272,-0.31421,0.89119
0.050237,-0.51001,0.8587
-0.37113,-0.57318,0.73057
-0.53,-0.28045,0.80028
0.095568,-0.17428,0.98005
0.094702,-0.45144,0.88726
-0.22143,0.052308,0.97377
0.23482,0.52987,0.81492
-0.94362,0.17558,0.28064
-0.89423,0.063069,0.44315
-0.55846,-0.38156,0.73657
-0.91822,-0.074057,0.3891
-0.68702,-0.16751,0.70707
-0.22267,-0.45441,-0.86251
-0.14997,-0.19559,-0.96915
0.2242,-0.8574,0.46325
0.083027,-0.074258,0.99378
-0.90677,-0.32618,0.26716
0.68177,-0.35612,-0.63904
0.46868,-0.47737,-0.74328
0.14018,-0.88908,-0.43576
0.42185,-0.71705,-0.55488
0.94485,-0.25348,-0.2074
-0.41552,-0.43362,0.79957
-0.45157,-0.62348,0.63824
0.34199,-0.6168,0.70894
0.90083,-0.11525,-0.4186
0.90769,0.17766,-0.38018
0.61952,-0.756,0.21132
-0.88584,-0.015261,0.46375
-0.5182,-0.2043,0.8305
-0.070575,-0.97093,0.22875
-0.79858,-0.47016,0.3758
0.17714,-0.24803,0.95242
0.38904,0.043997,0.92017
-0.11884,-0.78398,0.60931
-0.002553,-0.9986,0.052853
0.63284,-0.6107,0.47597
-0.20856,-0.18017,0.96127
0.54835,-0.82602,0.1304
0.63448,-0.74557,0.20387
0.48166,-0.77308,0.41274
0.59213,0.51311,-0.62137
0.62833,0.21434,-0.74784
-0.63194,-0.70906,-0.31286
-0.98541,-0.055651,-0.16082
-0.7647,-0.4496,-0.46163
-0.48311,-0.76221,-0.43086
-0.5405,-0.63123,-0.55625
0.40077,-0.17085,-0.90011
-0.58339,-0.7052,0.40293
-0.68532,-0.50133,0.52821
-0.95221,0.13196,-0.27547
-0.71429,0.29658,0.6339
-0.06999,-0.31545,-0.94636
0.061558,-0.062294,-0.99616
0.60701,0.031405,-0.79407
0.45657,-0.24969,-0.85393
0.38661,-0.42756,0.81714
0.42645,-0.89315,0.14288
0.80088,-0.54575,0.24646
0.92638,-0.10107,0.36277
0.87927,-0.19592,-0.43416
0.96764,-0.21776,0.12748
0.82916,-0.44985,-0.33185
0.52702,-0.4856,-0.69745
-0.16275,0.85052,0.50013
0.77823,-0.60704,0.16078
0.71888,-0.66392,0.20597
-0.48633,0.42236,-0.76491
-0.60498,0.58179,-0.54362
-0.82101,0.33372,-0.46323
-0.8141,0.10733,0.57071
-0.70025,0.6221,0.35021
-0.623,0.74948,-0.22395
-0.68773,-0.32167,-0.65082
-0.99638,-0.073226,0.043168
-0.99758,-0.06705,-0.018218
-0.66064,0.42923,-0.61588
0.50942,-0.022195,-0.86023
-0.94871,-0.26244,0.17627
-0.30647,0.52671,-0.79288
-0.12034,0.79499,-0.59457
-0.93058,-0.17934,0.31915
-0.86682,-0.079777,0.49219
-0.86176,-0.25883,0.43632
-0.45077,0.69729,-0.55731
0.50009,0.39848,-0.76885
-0.040681,0.9201,-0.38956
0.17597,-0.42351,-0.88864
-0.49395,-0.62811,-0.60124
-0.8746,-0.33335,-0.35206
0.51665,-0.24998,-0.81889
-0.92952,-0.33458,0.15505
-0.70915,-0.6068,0.35903
0.47305,-0.2269,0.85132
0.72196,-0.5796,-0.37794
0.70526,-0.65613,-0.26851
0.94319,0.043182,-0.32943
-0.091102,-0.89962,-0.42707
-0.66509,-0.6801,-0.30841
0.69498,0.56454,0.44531
0.7539,-0.55941,0.34453
-0.54183,-0.69099,-0.47849
-0.42043,0.90406,-0.076883
-0.59026,0.65463,-0.47228
0.1197,-0.58435,0.80262
-0.43586,-0.56371,-0.70161
0.094304,0.23424,-0.96759
0.44817,0.55045,-0.70437
0.15943,0.6784,-0.71719
-0.066797,0.7895,-0.61011
-0.64765,0.066468,0.75903
0.37569,-0.046811,-0.92556
0.57341,0.028671,-0.81876
-0.55228,-0.26042,0.79194
-0.68429,-0.39265,0.61447
-0.35949,0.15303,0.92052
-0.55106,-0.16695,0.8176
0.002502,-0.73195,-0.68135
-0.046227,-0.30901,-0.94993
-0.38876,0.5535,-0.73655
-0.76999,0.43027,-0.47115
-0.84857,0.31457,-0.42541
-0.67644,-0.28784,-0.67792
-0.81592,-0.080298,-0.57256
-0.33719,0.045848,-0.94032
0.86659,-0.33011,-0.37423
0.63704,-0.75567,0.15214
-0.94977,-0.18121,-0.25515
-0.95342,0.28474,-0.099569
0.52025,-0.079483,-0.85031
0.47942,-0.27325,-0.83396
-0.81593,0.47698,0.32673
-0.79856,0.32514,0.50653
-0.94481,-0.32682,0.02293
-0.43503,0.81425,0.38437
-0.72444,0.28411,-0.62807
0.25717,-0.74149,0.61972
-0.65173,-0.16553,0.74016
-0.65197,-0.63975,0.40701
-0.16521,-0.1741,0.97077
0.079961,-0.14877,-0.98563
0.3524,-0.1045,-0.93
-0.48646,0.63991,0.59487
-0.41758,0.80853,-0.41462
-0.45688,0.81717,-0.35142
0.7939,-0.18468,-0.57933
0.046663,-0.76075,0.64736
0.21456,-0.83454,0.50745
-0.37388,-0.45108,0.81039
0.67289,-0.57913,-0.46025
-0.43595,-0.80566,-0.40109
-0.30421,0.84665,-0.43663
0.057442,-0.20188,-0.97772
-0.48433,-0.54005,-0.68831
-0.34793,-0.75889,-0.55048
-0.1273,-0.62384,-0.77111
-0.40651,-0.74772,-0.52505
-0.099189,0.45334,-0.8858
-0.38451,-0.75368,-0.53303
0.64788,-0.72582,-0.23118
-0.30979,-0.90714,-0.28484
-0.27388,-0.92444,0.26535
-0.37079,-0.92007,-0.12642
-0.88506,0.3134,0.34416
-0.48196,-0.38245,0.78832
-0.20267,-0.75292,0.62613
-0.65571,0.73429,-0.17569
-0.68384,0.21638,0.69681
0.59805,-0.75681,-0.26377
0.20266,0.25822,0.94459
0.70635,-0.69503,0.13418
-0.13275,0.68578,-0.7156
0.96725,0.19123,-0.16689
0.014624,-0.99185,-0.12657
0.90886,-0.27974,0.30939
0.56747,-0.68963,0.44988
-0.40679,-0.56659,-0.71659
0.85409,-0.257,-0.45219
0.75261,0.057672,-0.65593
0.79661,-0.083345,-0.59872
0.83393,-0.25582,-0.489
0.8235,-0.44193,-0.35574
0.14416,-0.52975,0.83581
-0.72283,0.17894,0.66746
-0.74671,0.61523,0.2528
0.20257,0.96728,0.15274
-0.39582,0.78256,-0.48056
-0.89785,0.43891,-0.035023
-0.96615,0.22658,-0.12336
-0.79209,0.58052,0.18866
-0.35182,0.24191,-0.90427
-0.41483,-0.1937,-0.88904
-0.45506,-0.70082,-0.54933
-0.62343,-0.75683,-0.19632
-0.59857,-0.37198,0.70946
-0.81528,0.46446,0.34582
-0.30771,0.8139,-0.49283
-0.27258,0.80384,-0.52871
0.83041,-0.12713,-0.54246
0.35178,-0.57705,-0.73706
0.12182,-0.69079,-0.71272
-0.78883,0.60456,0.11072
-0.30161,0.82139,-0.48411
0.01133,0.96524,-0.26112
-0.24543,0.95651,-0.15765
0.26381,-0.29292,-0.91902
-0.34174,-0.67243,-0.65655
-0.78119,0.19341,0.59358
-0.51291,-0.27726,0.81243
-0.44742,-0.36458,0.81664
-0.37238,-0.4039,0.83558
-0.74719,0.06665,0.66126
0.32257,-0.7121,0.62359
0.20814,-0.43626,0.87542
0.56226,-0.68684,0.46057
-0.10495,0.76816,-0.63159
-0.52741,0.68091,-0.50813
-0.63772,0.75631,0.14594
-0.30504,0.88294,-0.3569
-0.87844,0.46238,-0.12058
-0.6372,0.7699,0.035113
-0.14234,0.23021,-0.96267
-0.97981,0.02867,0.19787
0.69125,0.62938,-0.35505
0.61428,0.56755,-0.54822
0.95373,0.26237,0.14688
-0.38417,0.68765,-0.61608
0.72096,-0.083505,0.68793
0.23929,0.34421,0.90789
-0.96225,-0.10402,-0.25153
0.84633,0.33622,-0.41314
0.29103,-0.5965,-0.74799
-0.60496,-0.23225,0.76164
-0.57468,-0.18004,0.79833
0.009184,-0.56765,0.82322
0.54651,-0.15345,0.82327
0.7445,-0.11807,0.65709
0.68982,-0.24482,0.68133
0.72256,-0.37488,0.58084
0.80626,-0.24828,0.53693
0.66212,-0.48529,0.57105
0.69054,-0.61937,0.37355
0.6902,-0.45566,0.56213
0.6991,-0.47469,0.53472
0.88752,-0.42447,-0.17929
0.65588,-0.53678,0.53075
0.7048,-0.68732,0.17564
0.81195,-0.58238,0.039627
0.025568,-0.25546,0.96648
0.013501,-0.6519,0.75818
0.16613,0.79406,0.5847
0.64263,-0.47413,0.60186
0.67412,0.18081,0.71615
0.84413,0.13458,0.51898
-0.4649,-0.69428,-0.54941
0.51442,-0.61749,0.59504
0.49622,-0.68207,0.53717
-0.042506,0.73067,-0.68141
0.048672,0.99803,-0.039551
-0.016418,0.99987,0.000256
-0.36266,0.32679,-0.87275
-0.89586,-0.27556,0.34856
-0.77296,-0.62857,-0.086191
-0.73689,-0.41075,0.53692
-0.71446,-0.10651,0.69153
-0.72273,0.12852,0.67908
-0.72271,0.44478,0.52902
0.12199,-0.74051,0.66088
0.7596,-0.19845,-0.61938
0.78504,-0.31143,-0.53547
-0.42408,0.78257,0.45578
-0.72958,0.45977,-0.50628
-0.015113,0.7937,-0.60813
0.833,-0.47984,-0.27544
0.92207,-0.38115,0.067215
0.82012,0.45298,-0.34958
0.34647,0.38211,0.85671
0.21464,0.58076,0.78527
0.18019,0.54465,0.81908
-0.056697,0.59318,0.80307
0.053515,0.22311,-0.97332
0.9653,-0.025857,0.25986
0.99865,-0.048535,0.01847
-0.67882,0.15516,0.71773
0.46863,-0.87908,-0.08715
0.12775,-0.98058,-0.14879
0.81305,-0.48437,-0.323
0.67001,-0.71467,-0.20082
0.41732,-0.84781,0.32721
0.16476,-0.68482,0.70984
-0.2965,-0.85349,-0.42853
-0.091827,-0.99577,0.00262
-0.67086,-0.72193,0.16963
-0.10216,0.98581,0.13322
-0.007552,0.99834,0.057115
0.4725,-0.87273,-0.12279
0.48565,-0.8443,-0.22651
0.95306,-0.040598,-0.30005
0.24087,-0.42839,0.8709
-0.03241,-0.56561,0.82403
-0.13616,-0.40661,0.9034
-0.46072,-0.7606,0.45742
-0.011178,-0.88855,0.45864
0.017445,-0.99772,0.065118
-0.43095,-0.84399,-0.31932
-0.84141,-0.53833,-0.047283
0.62399,0.16145,0.76457
0.46914,-0.88019,-0.071875
0.70341,-0.42877,-0.5669
0.20434,0.43236,-0.87824
-0.62137,0.37441,-0.68827
-0.48375,-0.38683,0.78508
-0.65825,-0.18741,0.7291
0.43156,0.18222,-0.88349
-0.82005,-0.16504,0.54797
0.52384,-0.7963,-0.3025
0.59582,-0.7985,-0.085972
0.36378,-0.92744,0.086747
0.1443,-0.96074,0.23696
-0.39163,-0.91213,-0.12106
0.14431,-0.36342,0.92038
-0.40118,-0.066846,0.91356
0.91691,-0.28993,-0.27427
0.77355,-0.62321,-0.11503
0.89162,-0.37318,-0.25642
-0.15842,0.10667,0.98159
0.022843,-0.823,0.56758
0.82056,-0.04723,0.5696
0.98282,-0.1368,0.12388
0.31798,-0.35931,-0.87738
0.2776,0.42635,0.86091
0.44296,0.47754,0.75877
-0.86651,-0.49915,-0.004262
-0.98512,0.14318,0.095073
-0.86832,0.45141,0.20554
0.22774,-0.064892,-0.97156
0.28654,-0.42665,-0.85783
0.42234,-0.64121,-0.64069
0.48987,-0.64451,0.58705
-0.70236,0.68549,0.19183
-0.65887,0.75057,0.050321
-0.70353,0.67837,0.2118
0.39255,0.45095,-0.80159
-0.72632,0.25178,-0.63959
-0.4871,0.77132,-0.40964
-0.93806,0.30549,-0.16345
-0.87666,0.384,0.28985
-0.97781,0.19007,0.088144
-0.90438,0.28584,-0.31684
-0.87685,0.45717,-0.14878
-0.5646,0.42368,0.70832
-0.76825,0.4176,0.48518
-0.97813,0.014302,0.20749
-0.86467,-0.48615,0.12649
-0.99089,-0.12377,-0.053015
0.47021,0.79618,-0.38078
0.2486,-0.45642,-0.85433
-0.19814,-0.93921,-0.2804
-0.50454,-0.85538,0.11734
0.28235,-0.64475,0.71033
-0.072178,-0.62001,0.78126
-0.06679,-0.50506,0.86049
-0.002862,-0.64154,0.76709
0.53078,-0.84747,0.008533
0.56046,-0.81029,0.17123
-0.62065,-0.73663,-0.26864
-0.29387,-0.45425,0.84101
-0.19185,-0.52886,0.82674
-0.39169,-0.70615,-0.58986
0.35704,-0.027613,0.93368
-0.70147,0.026323,0.71221
0.43563,0.37638,-0.81766
0.57325,0.18577,-0.79804
-0.089172,-0.4418,-0.89267
0.13606,0.16636,-0.97663
-0.5089,-0.67954,-0.52845
0.48073,0.50655,-0.71576
-0.92131,-0.3479,0.17361
-0.64,0.59394,-0.48747
0.76883,-0.56171,-0.30559
-0.70881,0.20509,-0.67493
0.77797,-0.58984,-0.21642
-0.99887,-0.010872,-0.046278
0.28079,-0.86386,-0.41822
-0.048995,-0.25294,-0.96624
0.82349,-0.35502,-0.44251
0.60935,0.24012,-0.75567
0.21879,0.82686,-0.5181
0.84805,0.3783,0.37108
0.76754,0.62628,0.13659
0.49331,0.8472,-0.19722
0.3452,-0.30989,-0.88589
0.75225,-0.30921,0.58182
-0.81399,0.4789,0.32875
-0.74591,0.43415,0.50511
-0.77994,0.62575,0.011032
0.080622,-0.4804,-0.87334
-0.63327,-0.71619,-0.29333
0.88273,-0.13185,-0.451
0.96241,-0.041788,-0.26838
-0.46551,0.51509,-0.71971
-0.40781,0.16771,-0.89753
0.678,-0.71582,-0.16712
0.69365,-0.6273,-0.35402
-0.38082,0.65252,-0.65513
-0.29741,0.64576,-0.70324
-0.52243,-0.76441,0.37782
-0.51428,-0.39475,0.76137
-0.12687,0.78429,-0.60728
0.021337,0.73982,-0.67247
-0.34911,0.65946,-0.66576
-0.57973,0.55403,-0.59746
-0.22713,0.48815,-0.84269
0.63459,0.23642,-0.7358
0.78355,-0.14862,-0.6033
0.70715,0.67528,-0.20963
-0.16097,0.051594,0.98561
-0.42322,-0.43192,0.79645
0.34641,-0.65932,0.6673
0.69205,0.006834,-0.72182
0.70797,-0.1276,-0.69462
-0.39682,-0.58565,0.70678
-0.73996,0.12072,0.66173
-0.75196,-0.082253,0.65406
-0.43231,0.38854,-0.81372
-0.86908,0.44654,-0.21287
-0.6583,0.7344,-0.1652
-0.71336,0.57507,-0.40051
-0.43265,-0.37494,0.8199
0.84789,-0.27705,0.45201
-0.20186,-0.43648,0.87678
0.98783,-0.078741,0.13415
0.96594,0.24774,-0.074694
0.9944,-0.07826,-0.070989
0.040356,-0.94811,-0.31536
0.39424,-0.77811,0.48901
0.090242,0.99474,-0.048517
0.7521,-0.32651,0.57249
0.23819,-0.76768,0.59493
0.2427,-0.64616,0.72359
0.37613,0.77472,0.50827
-0.22902,0.035407,0.97278
-0.49198,0.2202,0.8423
0.20271,0.60656,-0.76876
0.61317,0.27249,-0.74147
-0.63532,0.6722,-0.38016
-0.60795,0.77268,-0.18264
-0.40354,0.86293,-0.30413
0.91516,0.045968,-0.40045
-0.47419,0.78724,-0.39421
-0.44714,0.87245,-0.19723
-0.57108,0.20167,0.79574
-0.57485,-0.77846,0.2521
0.21905,0.16559,-0.96156
0.54944,-0.81611,0.17911
0.62178,-0.75149,0.22056
0.28376,-0.47774,0.83141
0.85262,0.20563,-0.48038
0.13393,-0.9662,0.22029
-0.1963,-0.65165,0.73268
-0.34919,-0.55466,0.75526
0.75705,0.59694,-0.26558
-0.59211,-0.05677,0.80385
0.99979,-0.016617,-0.011855
0.91063,-0.061974,0.40856
-0.23475,0.47341,0.84899
-0.24294,0.29722,-0.92338
-0.47407,0.35763,-0.80458
0.24625,-0.24446,-0.93787
0.36294,-0.2339,-0.90198
-0.11306,-0.29712,-0.94812
0.74313,-0.035333,-0.66821
0.60513,0.085252,-0.79155
0.72242,-0.60063,0.34256
0.95976,-0.27582,0.052726
-0.065096,-0.99227,-0.10565
0.097167,-0.46773,-0.87851
-0.83974,0.52926,0.12136
0.24328,0.79144,-0.56075
-0.78887,-0.17294,0.58973
-0.37208,0.33984,0.86375
-0.55024,-0.65328,0.52006
-0.88006,0.37741,-0.2882
-0.80052,-0.53824,-0.26356
0.5102,-0.55691,-0.6554
0.86891,-0.23796,-0.43402
0.76219,-0.56779,-0.31092
0.41745,-0.63164,-0.65327
-0.77941,-0.57365,0.25188
0.63448,-0.77228,-0.032008
-0.3622,0.83816,-0.4078
-0.45642,0.74845,-0.48116
-0.68162,0.69551,0.22729
-0.61971,0.78334,-0.048378
-0.63888,0.29134,-0.71201
-0.84278,0.53176,0.083423
-0.87878,0.40423,0.25366
0.83339,-0.21637,-0.50857
0.95993,0.10827,-0.25848
0.97272,0.19807,-0.12077
-0.39459,-0.030866,-0.91834
-0.74049,-0.21877,-0.63547
0.30537,-0.50498,0.80731
0.27207,-0.62945,0.72785
0.37995,-0.3436,0.85882
0.10536,0.23857,-0.96539
0.69405,-0.53975,0.47641
-0.52765,-0.57477,-0.62548
-0.41382,-0.58846,-0.6946
-0.26813,-0.83483,-0.48079
-0.31524,0.72811,0.60867
-0.5548,0.82518,-0.10613
0.7635,-0.63012,-0.14144
0.79818,-0.59991,-0.054926
0.88275,-0.22222,-0.41397
0.81346,-0.14885,0.56225
0.80424,-0.49136,0.3343
-0.46379,-0.75444,0.46446
-0.040726,0.99909,0.012711
-0.11937,-0.98986,0.076932
-0.60596,0.047532,0.79407
-0.7246,0.171,0.66761
-0.22774,-0.45941,0.85853
-0.45281,-0.30851,0.83653
0.68275,0.17064,-0.71044
0.67271,-0.73324,0.099128
0.23915,0.94202,-0.2354
0.31473,0.90169,-0.29646
0.29278,0.90506,-0.30847
-0.26057,0.86093,-0.43693
-0.17772,0.83424,-0.52198
-0.001286,0.76824,-0.64016
0.23183,0.96939,-0.080912
0.21979,0.82921,-0.51391
0.034233,0.97276,-0.22929
-0.36928,0.92734,0.060541
0.08627,0.96983,0.22801
0.13538,0.95937,0.24755
-0.16612,0.9707,-0.17361
-0.095014,0.99377,0.058241
-0.53861,0.81666,-0.20728
-0.34351,0.92879,-0.13912
-0.42146,0.84628,-0.32584
-0.35839,0.48331,-0.79873
-0.6585,-0.020956,-0.75229
-0.87054,0.069594,-0.48716
-0.588,0.62406,-0.5146
-0.52674,0.803,-0.27881
-0.007964,0.7,-0.7141
-0.12861,0.18955,-0.97341
-0.80829,-0.36348,0.46319
-0.80736,0.33093,0.48851
-0.96958,0.13151,0.20646
-0.92061,-0.12659,-0.3694
-0.8281,-0.4457,-0.33999
-0.98211,-0.16022,-0.098961
-0.54156,0.79378,-0.27682
-0.62919,0.54215,-0.55695
-0.3059,0.79081,-0.53014
-0.20142,0.37004,-0.90692
-0.50904,0.29752,-0.80769
-0.37772,0.56968,-0.72993
-0.83367,-0.14246,-0.53358
-0.89762,0.26479,-0.35236
-0.1983,0.097119,-0.97532
-0.43713,-0.49663,-0.74984
-0.050179,-0.55003,-0.83363
-0.52154,-0.65564,-0.54602
-0.45078,-0.83347,-0.31957
-0.54231,-0.68798,-0.48228
-0.65688,-0.52039,-0.54562
-0.49787,-0.68471,-0.53226
-0.66855,-0.60164,-0.43711
-0.31225,-0.86212,-0.39907
-0.33964,-0.79677,-0.4998
-0.24221,-0.84701,-0.4732
-0.33578,-0.78916,-0.51427
-0.60347,-0.57701,-0.55035
-0.57191,-0.64256,-0.50994
-0.48102,-0.23734,0.84397
-0.55891,-0.20378,0.8038
-0.69413,-0.389,0.60569
-0.72054,-0.68027,0.13436
-0.62169,-0.75923,0.19254
-0.6756,-0.53612,0.50611
-0.70856,-0.4805,0.51678
-0.84181,0.31202,0.44045
-0.69025,0.7232,-0.023352
-0.77916,0.60477,0.16481
-0.81133,0.42741,0.39883
-0.74027,-0.020813,0.67199
-0.21705,0.74661,-0.62886
-0.13199,0.75529,-0.64196
-0.64639,0.75268,-0.1251
0.48117,-0.12894,-0.86709
0.64859,-0.14607,-0.74699
0.051917,0.2257,-0.97281
0.39629,0.10686,-0.91189
0.44145,0.39286,-0.80671
0.61991,0.18729,-0.76199
0.72781,-0.048818,-0.68404
0.77402,0.02495,-0.63267
-0.13327,0.95533,0.2638
0.000117,0.96899,0.24712
-0.28854,0.91254,0.28985
-0.76829,0.51341,0.38229
-0.62534,0.77998,-0.024223
-0.60371,0.79542,-0.053397
-0.62752,0.71084,0.3177
-0.53904,0.70969,-0.45362
-0.47101,0.77862,-0.41462
-0.34865,0.88253,-0.31557
-0.16796,-0.49391,-0.85313
-0.47068,-0.65091,-0.59563
0.26856,-0.071638,-0.9606
-0.013372,-0.30337,-0.95278
-0.016145,0.72243,-0.69126
-0.64211,0.76156,-0.087858
-0.48498,0.81851,-0.30795
-0.38505,0.81994,-0.42361
-0.73741,0.66902,0.092958
-0.79065,0.5644,0.23732
-0.78374,0.18919,0.59158
-0.56031,-0.28587,0.77738
-0.40175,-0.42469,0.81131
-0.33373,-0.45274,0.82683
0.11969,-0.66455,0.73759
0.10962,0.53742,-0.83616
0.094358,0.68884,-0.71875
-0.51666,0.85219,-0.082688
-0.43622,0.87951,-0.19019
-0.39824,0.87094,-0.28789
-0.055398,0.86927,-0.49122
0.092598,0.81136,-0.57717
0.18687,0.70098,-0.68827
0.43442,0.64169,-0.63207
0.28782,0.73353,-0.6157
0.57229,0.58133,-0.5784
-0.011297,0.73548,-0.67746
-0.11966,0.76004,-0.63877
-0.4547,0.77297,-0.44245
-0.39765,0.78867,-0.46891
-0.57566,-0.748,0.33031
-0.72696,-0.6341,-0.26354
-0.96871,0.24722,0.021886
-0.93352,-0.040129,0.35628
-0.11371,0.8073,0.57908
-0.88672,-0.27809,0.3693
-0.749,0.63069,-0.20305
-0.72272,0.54121,-0.42984
-0.7813,0.26754,-0.5639
-0.85725,0.36127,-0.36689
0.077205,-0.89955,-0.42993
0.30049,-0.95232,0.052787
-0.000467,-0.98009,-0.19856
-0.5457,0.54613,-0.63557
-0.41334,0.55386,-0.72276
-0.21407,0.58941,-0.77896
-0.1979,0.88431,-0.42288
-0.30787,0.8824,-0.3558
-0.80611,-0.481,0.34472
0.40739,0.73721,-0.53902
-0.26157,-0.030757,0.96469
-0.32295,0.25507,0.9114
0.000752,0.16955,0.98552
0.18091,0.58826,0.78817
0.13872,0.43084,0.8917
-0.30626,0.49153,0.81523
-0.12485,0.375,0.91858
-0.9187,-0.36493,0.15103
-0.98934,0.13017,-0.065351
-0.20608,0.82655,-0.52378
-0.016165,0.90036,-0.43484
0.41728,0.88902,-0.18847
-0.7313,0.52844,-0.43123
0.97625,0.12341,0.17806
0.91739,0.39629,-0.036716
0.79675,0.60048,-0.06792
0.1607,0.59023,-0.79108
0.69352,0.57178,0.43828
0.6846,-0.67724,0.26958
0.85928,-0.30298,0.41212
0.41922,-0.86838,0.26491
-0.033191,-0.9937,0.10703
-0.1202,-0.86417,0.48863
-0.87538,-0.48308,0.018669
0.059091,-0.73838,-0.67179
0.76843,-0.15019,-0.62206
0.64605,-0.17506,-0.74295
0.80904,-0.2146,-0.54718
0.68675,0.1399,-0.7133
0.71732,-0.27145,-0.64169
0.41677,0.83409,-0.36139
-0.010525,0.7934,-0.60862
0.3689,0.77727,-0.50967
0.38964,0.84157,-0.37409
0.14959,0.76799,-0.62274
0.066104,-0.19091,-0.97938
-0.68576,-0.089132,0.72235
-0.54274,-0.22749,0.80851
-0.24925,-0.73807,0.627
-0.46022,-0.44456,0.76848
-0.49652,-0.43442,0.7515
-0.39355,-0.54844,0.73779
-0.17159,-0.58636,0.79167
0.80633,0.012641,0.59134
0.81815,0.56693,0.096061
0.027142,0.28454,0.95828
0.006532,0.29312,0.95605
0.38642,-0.17572,0.90543
0.57176,0.018628,0.82021
-0.28293,0.77555,0.56434
-0.42583,0.78699,0.44644
-0.41745,0.62597,0.65871
0.000793,-0.17194,0.98511
0.34256,-0.18912,0.92026
0.63815,-0.19117,0.7458
-0.95485,-0.070127,-0.28869
-0.98934,-0.05702,0.13396
-0.85184,0.026523,0.52312
-0.40336,0.088221,0.91078
0.9082,0.16801,0.38333
0.99728,0.06727,0.030013
0.74087,-0.30327,0.59928
0.98177,0.18988,0.00797
0.93565,-0.005017,0.3529
0.77556,0.15023,0.61314
0.47747,-0.73703,0.47834
0.37588,-0.76476,0.52331
0.57574,-0.74919,0.32747
0.60083,-0.79887,-0.028638
-0.092115,-0.42361,0.90115
0.61399,-0.6503,0.44736
0.75053,-0.29027,0.59367
0.96953,-0.10433,0.22165
0.68946,-0.32458,0.64753
0.48664,-0.64363,0.59069
0.55903,-0.62907,0.54014
0.61374,-0.63467,0.4696
0.60632,-0.55685,0.56771
0.8558,-0.50684,-0.10351
-0.63593,-0.27064,0.72273
-0.62593,-0.19512,0.75507
0.071861,0.99651,0.042372
0.048266,0.99856,-0.023471
-0.002628,-0.7042,0.71
0.04244,-0.84702,0.52987
0.28803,-0.79016,0.54101
0.15118,-0.29339,0.94396
0.359,0.070947,0.93064
0.26142,0.96247,-0.072801
0.17383,0.98452,-0.022232
0.24422,0.96538,0.091651
0.34075,0.94009,0.010966
0.14876,0.65511,0.74074
0.66815,0.74057,0.071665
0.46701,0.76333,0.44635
-0.049668,0.66042,0.74925
0.24201,-0.79162,0.56105
0.030315,-0.72764,0.68528
0.20257,0.16604,0.96509
-0.011223,0.20829,0.978
0.71801,-0.24166,0.65274
0.55964,-0.38665,0.73301
0.5099,0.48369,0.71137
0.29547,0.46814,0.83279
0.98167,0.15146,0.11567
0.90607,0.30354,0.2948
0.80102,0.58777,-0.11355
0.63714,0.7664,-0.081769
0.73071,0.68104,0.047451
0.49004,0.863,-0.12284
0.61071,0.7593,-0.22474
-0.07678,0.74337,0.66446
0.029069,0.65919,0.75142
0.095015,0.82453,0.55778
0.069422,0.93144,0.35721
0.45705,0.87908,0.13536
0.54246,0.65921,0.52074
0.54401,-0.20061,0.81474
0.51816,0.17762,0.83664
0.52167,0.52098,0.6756
0.2751,0.3607,0.89119
-0.071073,-0.98664,-0.14661
0.59687,-0.52012,0.61092
0.92851,-0.24216,0.28146
0.9967,0.069717,-0.041531
0.93164,0.13358,0.33794
0.6295,-0.76979,0.10561
0.61081,-0.75951,0.22371
0.60273,0.58073,0.54724
0.55127,0.36556,-0.74998
0.38876,0.51348,-0.76499
0.14724,0.62354,-0.7678
-0.02587,0.76771,-0.64028
0.009755,0.66737,-0.74466
0.081368,0.58868,-0.80426
0.13099,0.98578,-0.10529
0.061188,0.99794,0.019291
-0.7147,0.64539,0.26959
-0.72903,0.66316,0.16953
-0.69519,0.30154,0.65253
-0.7246,0.50084,0.47341
-0.77479,0.54426,0.32168
-0.27614,0.41795,-0.86548
-0.64016,0.18605,-0.74537
-0.56975,-0.041026,-0.82079
-0.66867,0.42299,0.61152
-0.78722,0.46813,0.40142
-0.93835,0.24749,-0.24135
-0.88046,-0.44554,-0.16212
-0.82442,-0.43979,-0.35625
-0.91378,-0.36676,-0.17463
-0.92345,-0.22056,-0.314
-0.46184,0.49734,0.73441
-0.58207,0.46705,0.66563
-0.68728,0.31336,0.65533
-0.72505,0.39271,0.56575
-0.8597,0.18668,0.47547
-0.98614,-0.1532,0.063655
-0.97288,-0.17226,0.15435
-0.95377,0.069302,0.29244
-0.88973,-0.4391,-0.12479
-0.91325,-0.40627,0.030291
-0.93275,-0.058459,0.35575
0.72795,-0.052791,-0.6836
-0.6597,-0.41762,-0.62481
-0.89797,-0.38832,-0.20705
-0.85123,0.40383,0.33515
-0.73523,0.39889,0.54802
-0.67243,0.20086,0.71239
-0.33838,0.89391,-0.29398
-0.3766,0.87326,-0.30919
-0.39584,0.84945,-0.34892
-0.95032,0.070724,0.30315
-0.96784,0.25149,-0.006666
0.017949,0.73722,-0.67541
-0.231,0.59796,-0.76752
0.31035,-0.82807,0.46689
-0.15302,-0.60276,0.78311
-0.1342,-0.6071,0.78321
0.73974,-0.65693,-0.14568
0.79821,-0.60114,-0.038645
-0.20121,-0.97559,0.087933
-0.2789,-0.87032,0.4059
0.031308,-0.92735,0.37288
-0.09002,-0.79788,0.59606
0.24829,-0.88219,0.40011
-0.31049,0.50216,0.80711
-0.94694,0.31165,-0.078639
-0.84256,0.45323,0.291
-0.77748,0.62871,-0.015911
-0.3087,0.95018,0.043179
-0.19858,0.90371,0.37932
-0.35113,0.8369,-0.41988
-0.58586,0.77747,-0.2287
-0.49204,0.49466,-0.71639
-0.56547,0.71935,-0.40346
-0.14429,-0.37898,-0.91409
-0.52858,-0.67886,-0.50966
0.091735,-0.46347,-0.88135
-0.6139,0.4403,-0.65519
-0.88222,0.44387,0.15708
-0.78938,0.39797,-0.46744
0.44406,0.64372,-0.62325
0.31212,0.54182,-0.78039
-0.48613,0.40037,-0.77678
-0.44427,0.85024,-0.28233
-0.51031,0.83443,-0.20811
-0.73904,0.5807,0.34148
-0.49761,0.86677,0.032938
-0.62427,0.77667,-0.084096
-0.50428,0.81313,-0.29071
-0.3529,0.87804,-0.32329
-0.48267,0.76985,-0.41757
0.84011,-0.4076,-0.35788
0.85326,-0.20296,-0.48037
0.76602,-0.2774,-0.57988
0.77673,0.33739,-0.53185
0.48152,-0.86334,-0.15098
-0.98278,-0.099956,0.15541
-0.74186,0.071272,-0.66675
0.33027,0.77958,-0.53215
0.55654,0.71771,-0.41852
0.86317,0.45041,-0.22818
0.78878,0.54755,-0.27932
-0.66563,0.74446,-0.05215
-0.55662,0.80766,-0.19456
-0.58219,0.43632,0.68607
-0.74642,0.5016,0.43733
-0.85479,0.4703,-0.21944
-0.69337,0.38535,0.60889
-0.75975,0.59295,0.26683
-0.86013,0.50125,0.094507
-0.35454,0.70495,0.61429
-0.45528,0.78513,0.41987
0.1626,0.34282,0.92522
0.00516,0.5172,0.85585
-0.6115,0.62162,0.48956
-0.26016,0.7143,0.64969
0.28946,-0.73865,0.60877
0.36075,-0.56033,0.74558
0.55241,-0.60361,0.57488
-0.1563,0.58379,0.79671
-0.24628,0.55878,0.7919
0.13672,0.83211,-0.5375
0.31878,0.62977,-0.70836
0.32182,0.3926,-0.86157
-0.036197,0.11375,-0.99285
0.15268,0.40971,-0.89935
0.072385,0.73607,-0.67303
0.96892,0.04208,0.24376
0.9057,-0.39908,-0.14297
0.76678,0.63764,0.073907
0.72333,0.62418,0.29528
0.85519,0.38657,0.34527
0.9219,0.38543,-0.039211
-0.68921,0.11253,0.71577
-0.64362,0.014019,0.76521
-0.65198,0.008881,0.75819
-0.58797,-0.10037,0.80263
0.035615,-0.77728,0.62815
0.16638,-0.82449,0.54087
0.31314,-0.85944,0.40412
0.10414,-0.83163,0.54547
0.77783,-0.069779,-0.62459
0.81424,-0.44918,-0.36777
0.81982,-0.26951,-0.50523
0.2723,-0.95829,-0.086858
0.53879,-0.83305,-0.12544
-0.13435,-0.9773,-0.16382
-0.033695,-0.75758,0.65187
-0.31311,-0.49178,0.81247
-0.4718,-0.30462,0.82741
-0.11489,-0.9845,-0.13248
0.28909,-0.95673,-0.033258
0.30791,-0.94043,-0.14413
0.67638,-0.73651,0.007467
0.7394,-0.6616,-0.12478
0.6031,0.10354,-0.79092
0.6676,0.034361,-0.74373
0.79022,0.17914,0.58605
0.57495,-0.77529,0.26145
0.52138,-0.85315,0.017447
0.23287,-0.94208,-0.24135
-0.059685,-0.88403,0.4636
0.55087,-0.39818,0.73348
0.71186,-0.5446,0.44347
0.53109,-0.59061,0.60756
-0.38301,-0.17047,0.90788
-0.48327,-0.12337,0.86673
-0.43579,-0.16507,0.88478
0.54896,-0.81676,0.17761
-0.1169,-0.66086,0.74135
0.36321,-0.84702,0.38811
0.31739,-0.37403,0.87141
-0.27566,-0.048459,0.96003
0.2824,-0.91146,-0.29916
0.099063,-0.98541,-0.1384
-0.47031,-0.53094,-0.70492
0.92861,-0.23205,-0.28953
0.88604,-0.46202,-0.0385
0.92972,-0.31784,0.18602
0.10382,-0.95435,-0.28006
-0.11466,-0.9835,-0.13995
-0.34888,-0.8906,0.29174
-0.27185,-0.9284,0.25332
0.91436,0.3515,-0.20097
0.28099,0.93698,-0.20763
0.12486,0.98836,-0.086925
0.16572,0.98312,-0.077496
0.18358,0.97415,-0.13167
-0.16394,0.93396,0.31755
0.60221,-0.17914,0.77798
0.22119,-0.72106,0.65661
0.47323,-0.7453,0.46967
0.90096,-0.39498,0.17961
0.59349,0.44278,0.6721
0.43035,0.39108,0.81354
0.43554,0.033679,0.89954
0.65874,0.17536,0.73165
0.52957,-0.80414,-0.27002
0.65462,-0.64438,-0.39527
0.74597,-0.29396,-0.59759
0.93968,-0.14423,0.31016
0.9677,-0.083791,-0.23779
0.9272,-0.11986,-0.35488
0.87526,0.13068,-0.46567
0.75861,-0.6388,0.12822
0.88225,0.10549,-0.45881
0.43168,-0.79489,0.42639
0.67245,-0.58425,0.45439
0.65155,-0.31561,0.68984
0.85779,-0.23594,0.45666
0.88515,0.091051,0.45631
0.68301,0.31795,0.65758
0.47658,0.16325,0.86384
0.43374,-0.1658,0.88565
0.46191,-0.53388,0.70824
0.42736,-0.74815,-0.50759
-0.06941,-0.74643,-0.66183
0.018731,-0.87605,-0.48186
0.19247,-0.74242,-0.64169
0.79283,-0.25438,0.55381
0.008755,0.97731,0.21162
-0.041753,0.89994,0.43401
-0.25458,-0.96573,0.050626
-0.93215,-0.001975,0.36208
-0.085751,-0.54448,0.83438
0.10261,-0.93396,0.34233
-0.56946,-0.81402,0.11438
-0.74005,0.061722,0.66971
-0.90459,-0.2499,0.34535
0.28891,-0.81071,0.50921
0.17345,-0.68102,0.71143
-0.31966,-0.85444,-0.40957
0.27248,0.51413,0.81328
0.42446,0.52431,0.73819
0.35,-0.57634,0.73847
0.30127,-0.78066,0.54754
0.11719,-0.81432,0.56846
-0.11854,-0.34785,0.93003
0.50855,-0.80166,0.3142
0.278,-0.95335,0.11765
0.70554,-0.70365,0.084198
0.40312,0.47472,-0.78239
0.45775,0.41929,-0.784
-0.077873,0.99638,0.034063
0.035383,0.99403,0.1032
-0.16018,0.27824,-0.94706
-0.654,-0.36387,-0.66323
-0.59918,0.62171,-0.50445
-0.69734,0.46297,-0.54716
-0.82426,0.31335,-0.4716
-0.78721,0.54307,-0.29219
0.96916,-0.16545,-0.18262
0.72689,0.65159,0.21692
0.99481,0.079915,0.062977
0.76303,0.33748,-0.55127
0.66674,0.30662,-0.6793
0.93752,0.30995,-0.15806
-0.12267,0.85732,-0.49996
0.30679,-0.16204,-0.93788
0.31393,-0.074568,-0.94651
-0.67661,-0.73038,-0.093531
-0.49298,-0.77096,-0.40323
-0.54139,-0.84071,-0.010008
-0.65732,-0.67385,0.33743
-0.64198,-0.56635,0.51683
-0.46859,-0.29687,0.83204
-0.60122,-0.4154,0.68263
-0.31286,-0.094659,0.94507
-0.28693,-0.27169,0.91862
0.2017,0.084521,0.97579
-0.04368,-0.1128,0.99266
0.10315,0.2111,0.97201
-0.097604,0.21603,-0.9715
-0.79956,-0.27967,0.53149
-0.40714,-0.42315,0.80943
-0.84044,-0.14216,0.52293
-0.9443,-0.076461,0.32007
-0.30685,-0.92526,0.22301
-0.50526,-0.82642,0.24849
-0.35227,-0.8028,0.48106
-0.11838,-0.73299,0.66986
0.10882,-0.1364,0.98466
-0.18844,-0.38911,0.90171
-0.5863,-0.61428,0.52811
-0.30094,-0.21121,0.92996
-0.11998,-0.25206,0.96025
-0.000599,0.038848,0.99925
-0.42213,0.0065,0.90651
-0.37788,0.25885,0.88893
-0.14458,0.32296,0.9353
-0.26964,0.53716,0.79922
0.006897,0.57345,0.81921
0.083987,0.27389,0.95809
0.40214,0.56427,0.72103
0.28742,0.047205,0.95664
-0.89302,0.12614,0.43199
-0.95177,0.2911,0.096901
-0.84816,0.19858,0.49111
0.4913,0.56342,-0.66422
0.6187,0.38512,-0.68476
0.66852,0.47749,-0.57016
-0.68158,-0.66777,0.29921
-0.79357,-0.51973,0.31642
-0.73443,-0.32111,0.59792
-0.33921,-0.35414,-0.8715
0.15397,-0.78694,0.59751
0.19702,-0.82927,0.52297
0.46566,-0.85105,0.24263
0.4823,-0.24495,0.84106
0.59976,-0.092558,0.79481
0.68626,0.14017,0.71372
0.55804,0.19842,0.80574
0.70219,0.081541,0.70731
0.71359,-0.021117,0.70025
-0.82408,-0.56148,0.074982
-0.82871,-0.33034,0.4518
-0.78387,-0.61092,-0.11105
0.48413,-0.46349,-0.74216
-0.049044,-0.74195,-0.66866
0.37752,-0.61686,-0.69063
0.59115,-0.51365,-0.62186
0.81065,-0.30174,-0.5018
0.85715,-0.49158,-0.15379
0.65324,-0.63231,-0.41648
0.81077,-0.43842,-0.38786
0.37674,-0.68275,0.62604
0.77944,-0.048146,-0.62463
0.83997,-0.078338,-0.53695
0.90864,-0.032305,-0.41633
0.20079,-0.81479,0.54388
-0.5236,0.16772,0.83529
-0.37069,-0.42717,0.82469
0.14896,-0.87906,0.45284
0.040374,-0.93187,0.36055
-0.17723,-0.72775,0.66255
-0.21939,-0.78644,0.57739
-0.29908,-0.6904,0.65871
-0.37711,-0.59867,0.70667
-0.13909,-0.83811,0.52747
-0.86271,-0.47128,0.18337
-0.052486,-0.00064,0.99862
0.78637,-0.49304,-0.3722
0.76191,-0.55798,-0.32888
0.61243,-0.45776,-0.6445
-0.24891,-0.95892,0.13604
-0.81905,-0.31997,0.47621
-0.40837,-0.48621,0.77255
-0.73136,-0.19918,0.65225
-0.9968,-0.005152,0.079748
-0.13445,-0.90921,-0.39403
-0.40707,-0.83973,-0.35937
0.37134,-0.78566,0.49482
0.57876,-0.67719,0.45437
0.26131,-0.50783,0.82087
0.64444,-0.40566,0.64818
0.17544,-0.10541,0.97883
0.071913,0.017226,0.99726
0.46385,-0.066454,0.88342
0.67982,-0.10598,0.72569
0.62609,-0.74535,0.22904
0.39087,-0.9116,0.12731
0.65391,0.54755,-0.52211
0.52345,0.63114,-0.57242
0.35508,0.84853,-0.39232
0.41724,0.84195,-0.3421
0.45116,0.76866,-0.45345
0.93175,-0.36068,0.041848
0.80979,-0.57129,0.13368
0.87406,-0.039494,0.48422
0.63781,0.26169,-0.72437
0.36068,-0.18579,-0.914
0.43698,-0.027083,-0.89906
0.64694,-0.14945,-0.74775
-0.090671,0.47931,0.87295
0.77761,0.40692,-0.47931
0.73966,0.59903,-0.3067
0.81367,0.36552,-0.45204
0.90753,0.37622,-0.18669
0.8922,0.001005,-0.45164
0.91697,-0.36773,-0.1547
0.28751,-0.43549,0.85305
0.23597,0.042576,-0.97083
0.18284,0.068896,-0.98072
0.38671,0.27716,-0.87957
0.067007,0.1755,-0.9822
0.21447,0.33823,-0.9163
0.34444,0.55748,-0.75536
0.58197,0.47711,-0.65854
0.46666,0.47352,-0.747
-0.96598,-0.24173,-0.09192
-0.92667,-0.3453,-0.14852
-0.60069,-0.58331,-0.54674
-0.47582,-0.78859,-0.38952
-0.54779,-0.71524,-0.434
-0.6419,-0.62772,-0.44037
-0.53836,-0.61355,-0.5777
-0.47376,-0.66997,-0.57157
-0.26586,-0.76911,-0.5812
-0.57336,-0.64931,-0.49966
-0.5431,-0.65198,-0.52911
0.42456,-0.37553,-0.82385
-0.90909,-0.32902,0.25553
-0.86302,0.028211,0.50437
-0.65112,-0.55956,0.51277
-0.67048,-0.6781,0.30107
-0.81712,-0.354,0.45498
-0.95257,0.30058,-0.047494
-0.99104,-0.036021,-0.12863
-0.74699,0.23956,0.62017
-0.7732,0.46651,0.42957
-0.72826,0.59333,0.34291
-0.73665,0.49208,0.4639
-0.39648,-0.30958,-0.86427
0.49192,-0.093226,-0.86563
0.038338,-0.56247,-0.82593
0.069445,-0.66488,-0.74372
-0.45896,-0.21075,-0.8631
-0.4467,-0.28361,-0.84854
0.89554,0.059589,-0.44097
0.24889,-0.061202,0.9666
0.22492,-0.86942,-0.43991
0.60687,-0.61909,-0.49843
0.78601,-0.61769,0.025257
0.45297,0.11964,-0.88346
0.80946,-0.55594,0.18896
0.78893,-0.27997,0.54699
0.50647,-0.40249,-0.76255
0.4131,-0.37818,-0.82845
-0.25363,0.8509,0.46004
-0.35377,0.67274,0.64982
-0.43983,0.44359,0.78088
0.80965,-0.58598,-0.033176
0.38108,-0.91839,-0.10646
-0.61977,0.44824,-0.64418
-0.49865,0.18126,-0.84764
-0.59055,0.80276,-0.082691
-0.43696,0.84971,-0.29504
-0.69138,0.71671,0.091195
-0.40466,0.82633,-0.39171
-0.648,0.75977,0.053264
-0.53342,0.82645,-0.18013
-0.11505,0.82217,-0.55749
-0.34825,0.86133,-0.36991
-0.49721,0.84288,-0.20574
0.43064,0.49308,-0.75593
0.22046,0.65199,-0.72547
0.13725,0.70066,-0.70017
-0.30056,0.84974,-0.43313
-0.4595,0.6349,-0.62109
-0.22419,0.74291,-0.63074
-0.57559,0.37474,-0.72682
-0.52286,0.5824,-0.62243
-0.54025,0.8065,-0.2402
-0.72422,0.67168,-0.15605
-0.45232,0.37639,-0.80854
-0.79823,0.37431,0.47193
-0.68405,0.31295,0.65889
-0.6066,0.75244,0.25666
-0.94149,0.14164,0.30583
-0.78136,0.25519,-0.56952
-0.98388,0.17867,0.007212
-0.38309,0.89533,0.22723
-0.32794,0.92518,0.19105
-0.19626,0.97387,0.11424
-0.26283,0.9536,0.14684
-0.17648,0.97697,0.11996
-0.83165,-0.55498,0.018775
-0.96673,0.038722,0.25285
-0.94064,-0.33057,-0.076938
-0.85274,0.3764,-0.36214
-0.81771,0.37658,-0.43537
-0.92346,0.38316,-0.020426
-0.94621,-0.27885,0.16412
0.68316,-0.024749,-0.72985
0.70312,0.10916,-0.70264
0.47804,-0.1463,-0.86606
-0.41148,0.82527,-0.38681
-0.70053,0.64691,-0.30127
-0.31128,0.83103,-0.46097
0.13945,0.78286,-0.60637
0.31668,0.90416,-0.28674
0.62981,0.73047,-0.2641
0.49634,-0.17581,-0.85014
-0.50831,-0.64667,-0.56871
-0.35437,-0.39654,-0.84686
0.69706,0.024451,-0.71659
-0.83184,0.13584,0.53814
-0.93053,-0.10024,0.35222
-0.7529,-0.57296,0.32381
-0.69943,-0.41346,0.58296
-0.65801,-0.753,0.004047
0.55779,-0.29928,0.77415
0.42111,-0.66582,0.61592
0.36469,-0.77088,0.52226
0.68275,-0.45738,-0.56979
0.7696,-0.077602,-0.63379
0.99835,-0.031691,0.047983
0.94812,0.20311,-0.24457
-0.086877,-0.97736,-0.19292
0.83155,-0.54673,0.098045
0.6391,-0.76858,0.028882
0.1253,-0.98575,0.1122
-0.5974,-0.76471,-0.24151
0.64704,-0.76113,-0.045011
0.78861,-0.61489,-0.003472
0.85938,-0.5106,0.027565
0.96412,-0.25072,-0.087188
0.93515,0.32881,0.13182
-0.59,-0.72221,-0.36099
-0.48562,-0.79486,-0.36382
0.83092,0.35253,0.43045
0.20245,-0.92876,0.31051
0.45955,-0.81878,0.34411
0.79501,0.44523,0.41199
0.7384,0.38969,0.55038
-0.60785,-0.66284,-0.43722
-0.83477,0.42934,-0.3447
-0.39998,0.86657,0.29846
-0.76083,0.64133,-0.099191
0.28099,0.95232,-0.11886
0.027553,0.78556,-0.61818
-0.72069,0.29405,0.62781
-0.52745,-0.23505,0.81643
-0.61939,-0.25597,0.74219
0.095315,0.81446,-0.57234
-0.62353,-0.61313,0.48506
-0.79981,-0.10141,0.59163
-0.41015,-0.29706,0.86228
0.24086,-0.41749,-0.87618
0.33208,0.45092,-0.82849
0.25982,0.27071,-0.92693
0.48491,0.1866,-0.85442
0.44125,0.25329,-0.8609
0.69174,0.37879,-0.61483
0.7648,-0.043147,-0.64282
0.70591,0.16466,-0.68889
0.051308,-0.86068,0.50655
0.95389,-0.24497,-0.17346
0.8699,0.05367,-0.49029
0.46414,-0.88277,0.072673
0.7293,-0.3417,-0.59277
0.11269,0.69379,-0.7113
0.38003,0.47967,-0.79088
0.15901,0.53994,-0.82655
-0.59327,-0.35241,0.72376
0.55339,0.31844,-0.76965
0.393,-0.57002,-0.72154
0.5772,-0.50448,-0.64214
0.66077,-0.3207,-0.67863
0.41689,-0.17282,-0.89238
-0.20132,-0.62813,-0.75161
0.3703,-0.57954,-0.72595
-0.56705,-0.55671,0.60706
-0.64202,-0.30463,0.70357
-0.43879,-0.11137,0.89166
-0.27726,-0.21838,0.93565
-0.37441,-0.48928,0.78767
-0.71158,-0.48994,0.5036
-0.11922,0.14632,0.98203
-0.57485,-0.36594,0.73188
0.23539,-0.28673,0.92864
0.094915,-0.11585,0.98872
-0.066702,-0.29521,0.9531
-0.099024,-0.81475,0.57129
0.13304,0.028162,0.99071
0.14481,0.45678,0.87771
-0.008767,-0.65496,0.75561
-0.00802,-0.93594,0.35206
-0.36081,-0.7643,-0.53448
-0.40822,-0.74872,-0.52228
-0.75244,0.13369,0.64495
-0.69627,-0.02831,0.71722
-0.64056,-0.10152,0.76117
0.69374,-0.1131,-0.71129
0.62197,-0.78282,-0.018685
0.43127,-0.23236,-0.87179
0.75613,-0.65114,0.065415
0.29007,-0.14095,-0.94657
-0.38124,0.2231,-0.89715
-0.57642,-0.053107,-0.81542
-0.15579,0.72552,-0.67033
0.70344,-0.67217,0.23097
-0.43649,0.42402,-0.79353
0.086538,0.23406,-0.96836
-0.22032,-0.96057,-0.16957
0.86953,-0.46831,-0.15683
-0.73131,0.27856,-0.62257
-0.69789,-0.23239,-0.67745
-0.72174,-0.50504,-0.47332
-0.68715,-0.18535,-0.70247
-0.50483,-0.5493,-0.66589
0.14938,0.14076,-0.97871
-0.19436,-0.57295,-0.79621
-0.56628,-0.5031,-0.65285
-0.054838,-0.38544,-0.9211
0.84165,-0.52658,-0.11973
0.32245,-0.91855,-0.22868
0.52709,-0.83853,-0.13799
0.52992,-0.73336,-0.42588
0.23013,0.69637,-0.67978
0.000777,0.34558,-0.93839
0.72392,-0.16132,-0.67076
-0.94233,0.085558,-0.32357
-0.95566,0.15652,-0.24943
-0.88947,0.023164,0.45641
-0.94909,-0.20563,0.23864
-0.17389,-0.91971,-0.35199
-0.67127,-0.74031,0.03647
-0.91741,0.26897,-0.29329
-0.97607,-0.17709,0.12623
-0.47633,-0.71956,-0.50531
0.27576,-0.23429,-0.93224
0.86542,0.16315,-0.47374
0.79799,0.17371,-0.5771
0.65979,-0.094045,-0.74554
0.61176,-0.3608,-0.70397
0.53488,-0.49837,-0.6823
0.93805,0.15809,-0.30834
0.96586,-0.087228,-0.24393
-0.68427,-0.20243,-0.70057
-0.57448,0.79135,-0.20911
-0.81162,0.45248,0.36951
-0.75008,0.65955,0.048769
-0.64794,0.74706,-0.14857
-0.24671,0.57135,0.78275
-0.22751,0.40372,0.88614
-0.29783,0.60822,0.73577
-0.86563,0.1373,-0.48149
-0.70246,0.058229,-0.70934
-0.79393,0.057438,-0.60529
-0.25443,-0.71393,0.65236
-0.6052,-0.76943,0.20424
-0.80478,-0.59354,0.006647
-0.97309,-0.17311,0.15208
-0.61553,0.78663,0.048419
-0.064063,-0.74366,0.66548
0.33657,-0.65667,0.67491
-0.90431,0.40945,-0.12077
-0.71215,-0.30085,0.6343
-0.50486,0.41131,0.75891
-0.085909,-0.63871,0.76464
-0.008298,-0.49093,-0.87116
0.22074,-0.42768,-0.87656
-0.8674,0.1569,0.47224
-0.63016,0.39235,0.67005
-0.75053,0.47789,0.45642
-0.46896,0.66047,0.58639
-0.60858,0.33194,0.72073
-0.30704,0.80566,-0.5066
-0.083579,0.77809,-0.62257
0.02436,0.74787,-0.6634
0.7724,-0.11249,-0.62509
0.19414,-0.83683,0.51188
0.70356,-0.68396,-0.19286
0.71537,-0.67306,-0.18772
0.75877,-0.32313,-0.56556
-0.54777,-0.2243,0.806
0.57664,-0.6477,-0.49797
0.24493,-0.8462,-0.47323
-0.11143,-0.70332,-0.70209
-0.4113,-0.71228,-0.56876
-0.85217,0.277,-0.44393
-0.9442,-0.29927,-0.13758
-0.93985,0.036479,-0.33963
-0.66965,0.71383,-0.20497
-0.94614,0.31869,-0.057083
-0.82797,0.47979,-0.2903
0.78988,-0.38514,-0.47725
0.75999,-0.5425,-0.35792
0.94114,0.26537,-0.20938
-0.61486,-0.73412,-0.28812
0.001478,-0.98782,0.15559
0.046382,0.70253,-0.71014
-0.19198,0.83552,-0.51482
-0.95393,-0.078247,0.28964
-0.9525,0.064814,0.29757
-0.72748,0.43293,0.5323
-0.91341,-0.1563,0.37585
-0.74441,0.65069,0.14985
-0.80331,0.54296,-0.24471
0.64174,-0.22188,0.73413
-0.48716,0.69243,-0.53218
-0.42679,0.78019,-0.45733
-0.55346,0.68235,-0.47757
0.037667,-0.16334,-0.98585
-0.22164,-0.45887,-0.86042
-0.54402,-0.58144,-0.60496
-0.23161,-0.83481,-0.49945
0.058049,-0.1319,-0.98956
-0.27626,-0.79792,-0.53572
-0.69281,0.63451,0.34265
-0.72101,0.65555,-0.2245
-0.67927,0.70138,-0.21602
-0.77875,0.62331,0.070938
-0.78125,-0.43411,-0.44855
-0.85983,-0.40383,-0.31242
-0.54888,-0.82583,0.12937
0.23353,0.4474,-0.8633
-0.62917,-0.38076,0.67762
-0.17325,0.26576,0.94834
0.2357,0.50973,-0.82742
0.67626,0.062035,-0.73404
0.44072,0.3412,-0.83027
0.21768,0.56414,-0.79647
-0.062369,0.95494,-0.29018
0.23346,0.96682,-0.10375
0.61512,-0.76558,-0.18845
-0.70338,-0.24906,0.66575
-0.65585,-0.4113,0.633
-0.54194,-0.83717,-0.073838
-0.57859,-0.79476,-0.18326
-0.40942,-0.89845,-0.15864
-0.22737,-0.86581,-0.44573
0.89417,-0.4368,-0.098279
0.69539,-0.30386,-0.65124
-0.21377,-0.94559,-0.24528
-0.49333,-0.76288,-0.41791
-0.19949,0.74711,-0.63406
-0.38421,0.80157,-0.45811
0.65356,-0.071416,-0.7535
-0.84222,-0.19832,-0.50133
-0.83242,0.5289,0.16538
-0.87908,0.39935,-0.26027
-0.43485,0.7535,-0.49309
-0.052414,0.76746,-0.63895
0.18649,0.52339,-0.83143
-0.90086,-0.42609,-0.083106
0.07975,-0.66484,0.74272
-0.98526,-0.171,-0.004291
-0.80109,-0.2477,0.54489
0.10985,0.11635,-0.98711
-0.52936,0.01352,-0.84829
0.60479,-0.66285,-0.44142
0.98205,0.14376,0.12212
0.75318,-0.00495,-0.6578
0.36662,0.79006,-0.49132
0.34395,-0.49416,-0.79844
0.68584,-0.41969,-0.59455
-0.027332,-0.80411,-0.59385
0.68644,-0.4796,-0.54661
-0.23813,-0.971,-0.021196
-0.56997,-0.67554,-0.46774
-0.66836,-0.5631,0.48602
0.60754,-0.27268,-0.74601
-0.27904,-0.80182,0.52842
0.56825,-0.20439,0.79707
0.45355,0.11383,0.88393
0.29745,-0.097396,0.94976
0.81816,-0.48849,0.3033
0.44075,-0.8277,0.34735
0.15763,-0.53524,-0.82986
0.079061,-0.61881,-0.78155
-0.46442,-0.61898,-0.63339
-0.058359,0.45859,0.88673
0.81694,-0.053098,-0.57428
0.67459,-0.7361,0.055583
-0.056805,-0.57483,0.8163
-0.47539,0.185,0.86011
-0.33013,0.53007,0.78105
-0.77798,0.43402,0.45428
0.12634,0.67027,-0.73129
0.19933,0.65469,-0.72915
0.36178,0.54633,-0.75541
0.53376,0.3721,-0.75937
0.66972,-0.69496,-0.26173
-0.58463,0.8063,-0.089896
-0.67602,0.73629,0.029556
-0.68024,0.72515,0.10691
-0.42642,0.86377,-0.26847
-0.37308,0.85656,-0.35654
0.20686,0.97506,0.080373
-0.56036,0.79365,-0.23689
-0.44503,0.8125,-0.37655
-0.25674,0.82665,-0.50074
-0.93136,-0.036134,-0.36231
-0.972,0.21452,0.095889
-0.71598,0.69569,0.058263
-0.78851,0.58197,0.1989
-0.56869,-0.48606,-0.66358
-0.10017,-0.048718,-0.99378
-0.31034,-0.48597,-0.81702
-0.48018,-0.57722,-0.66049
-0.53226,-0.63987,-0.55431
-0.52022,-0.6565,-0.54624
-0.4945,-0.6812,-0.53985
-0.54626,-0.63836,-0.54232
-0.76512,-0.59488,0.2464
-0.71269,-0.63217,0.30402
-0.68583,-0.51887,0.51031
-0.77504,0.082361,0.62653
-0.81414,0.4398,0.37915
-0.81503,0.31579,0.4858
-0.73898,0.67168,0.052369
-0.81147,0.53109,0.24384
-0.5696,0.79824,-0.19591
-0.096274,0.74885,-0.65571
0.79222,-0.14846,-0.59189
0.81236,-0.20803,-0.54478
0.45005,-0.44347,-0.77511
0.6004,-0.38004,-0.70363
-0.54669,0.80761,0.22112
-0.27673,0.9137,0.29759
-0.24579,0.94827,0.20093
-0.4001,0.91492,0.053313
-0.41034,0.85387,-0.32019
-0.38183,0.87312,-0.30311
-0.35338,0.87734,-0.32464
-0.39897,0.86215,-0.31228
-0.38775,0.86593,-0.31594
0.49397,-0.04282,-0.86842
0.50995,-0.30349,-0.80489
0.29063,-0.53968,-0.79012
0.55211,-0.53032,-0.64338
0.028315,-0.5279,-0.84884
-0.80771,0.31816,0.49636
-0.78689,0.57691,0.21905
-0.6659,0.74247,-0.072894
-0.74954,0.65612,0.087799
-0.69981,0.71428,0.007635
-0.62291,-0.15174,0.76744
0.65386,-0.31319,0.68875
0.43859,-0.4234,0.7927
-0.27621,0.74037,-0.61282
-0.17561,0.54126,-0.82232
-0.044202,0.69457,-0.71806
-0.42271,0.81602,-0.39424
-0.060264,0.83756,-0.543
-0.98757,-0.011058,0.15676
-0.82453,0.29207,0.4846
-0.95139,0.21709,0.21846
0.003512,0.36568,-0.93074
0.14102,-0.59069,-0.79448
0.037893,-0.17429,-0.98396
-0.35074,0.87159,-0.34251
-0.27634,0.86254,-0.42387
-0.13972,0.83435,-0.53323
-0.61361,-0.64693,0.45273
-0.72036,-0.48759,0.49329
0.30044,0.87385,-0.38226
0.26406,0.9354,-0.23514
0.21955,0.93876,-0.26557
-0.74562,0.049339,0.66455
-0.86466,-0.40043,0.30334
0.30517,0.79385,-0.526
0.0623,0.69675,-0.7146
0.82282,0.48038,-0.30366
0.89981,0.40748,-0.15587
0.92825,0.35179,-0.12083
-0.62414,0.5215,-0.5818
-0.54795,0.60256,-0.58023
-0.11149,0.78967,-0.60332
0.97908,0.18479,0.085206
0.85093,-0.31649,0.41922
0.42512,-0.37584,-0.82342
0.55915,-0.30994,-0.76895
0.39932,-0.154,0.90378
0.62685,0.56359,0.53798
0.47365,0.44995,0.7571
0.47486,0.47753,0.73924
-0.93548,-0.29855,0.18908
0.0231,-0.82479,-0.56496
-0.56559,-0.76928,-0.29717
0.84203,0.20157,-0.50035
0.85696,0.045757,0.51335
0.32544,-0.76053,-0.56186
0.9542,-0.29813,-0.024821
0.6627,0.70995,-0.23832
-0.59394,-0.2425,0.76709
-0.020255,-0.61854,0.78549
-0.18709,-0.42183,0.88716
-0.26608,-0.39382,0.87983
-0.32909,-0.4369,0.83715
0.34749,0.09843,0.9325
0.34107,-0.04258,0.93907
0.51797,-0.46124,0.72039
-0.11919,0.51519,0.84875
-0.2201,0.61381,0.75815
0.72306,-0.026779,0.69026
-0.19134,-0.12898,0.97301
0.77715,-0.17486,0.60453
0.59937,-0.074348,0.79701
0.46821,-0.44103,0.76568
0.73144,-0.68041,0.04515
0.68858,-0.54425,0.47922
0.68479,-0.50448,0.5259
0.75635,-0.31129,0.57535
0.48811,-0.65512,0.57668
0.88332,-0.4655,-0.055258
0.7209,-0.61505,0.3194
0.77657,-0.63003,-0.002371
-0.53904,-0.2696,0.79797
0.74389,-0.66726,0.037187
0.14046,0.97347,0.18062
-0.1987,0.096066,0.97534
0.51798,0.85539,-0.001947
0.37789,0.9221,-0.083263
0.32878,0.77118,0.54515
0.5528,0.76325,0.33447
0.33252,0.91058,0.24552
-0.21815,0.71914,0.65973
0.19827,-0.5275,0.82609
0.18753,0.63065,0.75307
0.90394,-0.14472,0.40242
0.74486,-0.48999,0.45287
0.73536,0.46116,0.49657
0.76316,0.58409,0.27644
0.95519,0.06214,0.28939
0.89522,0.43645,0.089933
-0.16807,-0.78338,-0.59839
-0.36335,-0.88056,-0.30429
0.51827,0.56554,0.64153
0.54772,-0.6762,0.4927
0.17688,0.62248,-0.76239
0.62558,0.28732,-0.72533
0.089173,0.99348,-0.07105
-0.74734,0.35739,0.56014
-0.67046,0.1801,0.71976
-0.74756,0.56586,0.34779
-0.15582,0.6617,-0.7334
-0.23296,0.62537,-0.74474
-0.56398,0.67585,-0.4745
-0.44951,0.61823,-0.64478
-0.38827,0.84339,-0.37141
-0.55241,0.36092,-0.75138
-0.83454,-0.26198,-0.48467
-0.86183,0.066724,-0.50279
-0.85358,-0.29349,-0.43042
-0.75369,-0.59286,-0.28368
-0.67866,-0.6414,-0.3578
-0.62749,-0.77197,-0.10158
-0.70251,-0.63752,0.3163
-0.80697,-0.46629,0.36246
-0.82303,-0.19398,0.53384
-0.53984,0.34788,0.76652
-0.84232,0.016938,0.5387
-0.42429,0.90267,-0.071904
-0.96177,0.13195,0.23999
0.14361,0.62162,-0.77004
0.28504,0.76175,-0.58179
-0.2611,0.17206,-0.94986
-0.086129,0.43843,-0.89463
-0.18085,-0.56246,0.8068
0.24731,-0.76884,0.58968
0.74447,-0.096428,-0.66065
0.80189,-0.51717,-0.29917
-0.17716,0.12118,0.97669
-0.23678,0.40095,0.88497
-0.40458,0.81144,0.42177
-0.51096,0.84572,0.15386
-0.53591,0.82671,0.17134
-0.57771,0.81057,-0.096034
-0.41924,0.29467,-0.85872
-0.57752,0.6996,-0.42074
-0.59896,-0.75924,0.25456
0.21935,-0.75722,-0.61523
-0.47791,0.52627,-0.70331
-0.28542,0.7418,-0.60685
-0.29857,0.73318,-0.61099
-0.48042,0.80511,-0.34784
-0.42305,0.8293,-0.36509
-0.22881,0.96477,0.12984
-0.36097,0.9286,-0.086081
-0.2657,0.93104,0.25013
-0.40151,0.78469,0.47229
-0.45964,0.82725,0.32309
0.81552,-0.52662,-0.24001
0.63117,-0.73683,0.2423
0.76946,0.56962,-0.28891
0.96877,0.24752,-0.014958
0.9852,-0.014555,0.17081
0.89853,0.42436,-0.11206
0.55217,0.70813,-0.44008
-0.52812,0.84488,0.085287
0.54565,0.3231,0.77322
-0.72451,-0.14046,0.6748
0.021385,0.69392,0.71974
0.31223,0.42303,0.85062
-0.22108,0.80107,0.55625
0.7349,-0.45141,0.50612
-0.20477,0.60421,0.77006
0.16776,0.026595,0.98547
0.066991,0.19099,0.9793
-0.050179,0.34574,0.93699
0.82906,0.38345,0.40698
0.76238,0.37335,0.52857
0.87081,0.3348,0.35999
0.87685,0.13495,0.46143
0.96534,-0.24464,0.090958
0.9659,0.21618,0.14248
0.97987,0.065248,-0.18867
0.73897,-0.23702,-0.63067
0.68356,0.25116,-0.68532
0.74338,0.043685,-0.66744
0.88749,0.033178,-0.45963
0.79851,0.58964,-0.1213
0.85208,0.33571,-0.40157
-0.5041,-0.25837,0.8241
-0.558,-0.13884,0.81815
-0.65201,0.083875,0.75355
-0.625,0.019384,0.78039
0.75781,-0.62118,-0.19964
0.65327,-0.75712,-0.001146
0.37961,-0.90768,-0.17891
0.18459,-0.97389,-0.13216
0.18723,-0.95082,0.24677
0.055183,-0.99373,0.097232
0.010938,-0.98623,-0.165
0.45597,-0.88982,-0.017569
0.81733,-0.34601,-0.46071
0.76942,-0.5869,-0.25205
0.57071,-0.82115,-0.001615
0.62811,-0.69933,-0.3412
0.73194,-0.51808,-0.44255
0.77051,-0.37537,-0.51518
0.081741,-0.27106,0.95908
0.52374,-0.77728,0.34862
-0.38958,0.20622,0.89761
-0.35859,0.22325,0.90641
0.1586,-0.64986,0.74332
0.27306,-0.71046,-0.64861
0.20628,-0.82261,-0.52987
-0.13072,-0.96804,0.21402
0.13388,-0.67284,0.72757
-0.51149,-0.82873,-0.22714
0.87367,0.46046,-0.15707
0.97196,0.14109,0.1881
0.94022,0.33893,0.03328
-0.058094,0.99028,0.12634
-0.077712,0.99576,0.049297
0.61591,-0.76049,-0.20571
-0.35554,-0.61749,0.70164
-0.39131,-0.9142,-0.10541
-0.20476,-0.93964,0.27413
-0.20199,-0.78376,0.5873
0.1291,-0.94312,0.30637
0.17805,-0.72443,0.66596
-0.24582,-0.93111,0.26945
-0.6614,-0.70599,-0.25324
-0.82941,-0.54346,0.12933
0.51039,-0.74634,0.42718
0.010425,-0.95392,-0.29989
0.3134,-0.76608,-0.56116
0.69356,-0.68876,-0.21115
-0.37132,0.35529,-0.85784
-0.23379,0.55744,-0.79662
0.002841,0.64905,-0.76074
-0.51911,-0.30011,-0.80029
-0.72514,-0.3252,-0.60697
-0.62055,-0.28341,-0.73116
0.084237,0.79664,-0.59856
0.26208,0.62219,-0.7377
-0.77536,-0.023267,0.63109
-0.7427,-0.13453,0.65597
-0.81628,0.006794,0.57761
0.39212,0.16251,-0.90545
0.24679,0.22426,-0.94276
0.41945,0.37457,-0.8269
-0.86742,-0.28315,0.40916
-0.80622,-0.20001,0.55678
-0.77728,0.080354,0.624
0.62573,-0.77712,0.067513
0.48128,-0.84579,0.23023
0.1266,0.1345,0.98279
0.1585,-0.20411,0.96603
0.26097,-0.066277,0.96307
0.79748,-0.59817,0.078859
0.25822,-0.94161,-0.21609
-0.085266,-0.91762,0.3882
0.067273,-0.99559,-0.065364
-0.55776,-0.70595,-0.4365
-0.47534,-0.71437,-0.51354
-0.38868,-0.83631,-0.38667
-0.11466,-0.96348,-0.242
-0.21254,-0.85271,-0.4772
-0.49514,0.13494,0.85827
0.76318,-0.57377,-0.29721
-0.14787,-0.64222,0.75212
-0.14892,-0.74323,0.65225
-0.4168,-0.53867,0.7322
-0.52984,-0.28263,0.79962
0.73912,-0.21361,0.63881
0.49306,-0.17898,0.85138
0.39697,0.88825,-0.23114
0.45367,0.87278,-0.18009
0.56694,0.76242,-0.31192
0.67795,0.61178,-0.40757
0.54861,0.70813,-0.4445
0.95792,-0.011714,0.28681
0.84699,-0.064729,0.52766
0.94941,0.15882,0.27092
0.7166,0.40135,-0.57044
0.64822,0.68571,-0.33106
0.70979,0.69242,0.12944
0.71402,0.65523,-0.24667
-0.044332,-0.55047,-0.83368
-0.17654,0.25965,0.94943
-0.061061,-0.008895,0.99809
0.90329,0.3797,-0.19972
0.99361,0.034892,-0.1073
0.8477,0.38373,-0.36628
-0.52593,-0.58801,-0.61452
-0.57099,-0.5651,-0.59551
-0.66658,-0.52841,-0.52578
-0.5419,-0.57349,-0.61438
-0.78112,-0.62109,0.064043
-0.73113,0.078962,0.67766
-0.73128,-0.18367,0.65688
-0.98182,-0.17162,0.081125
0.20365,-0.42088,-0.88396
0.1997,-0.066211,-0.97762
-0.2425,-0.24386,-0.939
-0.042869,0.18121,-0.98251
-0.068441,0.37231,-0.92558
0.30514,-0.63301,-0.71147
0.60864,-0.22784,-0.76003
0.92957,-0.20077,-0.30918
0.83931,-0.37327,-0.39525
0.5979,-0.80044,-0.042445
0.61524,-0.69606,0.37012
0.74892,-0.3511,0.56201
0.20858,-0.97546,0.070461
0.67665,-0.70244,0.22071
-0.323,0.41065,-0.85267
-0.76744,0.51436,0.3827
-0.75116,0.34353,0.56369
-0.65066,0.75931,0.009514
-0.52074,0.82134,-0.23288
0.11832,0.68244,-0.7213
0.27164,0.55149,-0.78871
0.24357,0.58939,-0.77025
-0.044803,0.77738,-0.62744
-0.704,0.35614,-0.61445
-0.65908,0.48723,-0.5729
-0.74747,0.63474,0.19592
-0.88732,0.45287,0.087022
-0.94895,0.13963,0.28284
-0.50022,0.78617,-0.36292
-0.71106,0.63421,-0.3036
-0.77098,0.63561,-0.039845
-0.66795,0.46078,0.58439
-0.68271,0.36627,0.63226
-0.58578,0.63419,0.50465
-0.80875,0.48798,-0.32834
-0.95905,0.20066,0.19987
-0.89507,0.33075,-0.29908
-0.26514,-0.71523,-0.64664
-0.36829,-0.78106,-0.50428
0.019357,-0.80289,0.59582
0.64951,-0.59966,0.46749
0.27468,-0.47224,0.83758
0.36682,-0.92811,0.063711
0.94176,0.33331,-0.044774
-0.45353,-0.8754,-0.1673
0.60454,-0.79293,-0.07608
0.56083,-0.78067,0.2757
0.92932,0.36926,-0.000887
0.76392,0.54616,0.3437
0.86062,0.41552,0.29442
0.84901,0.48507,0.20948
0.9545,0.29154,-0.06271
0.6755,0.51934,0.52343
0.2907,0.010156,-0.95676
0.16571,0.36484,-0.9162
-0.81983,-0.47663,-0.31734
-0.65099,-0.35896,-0.66885
0.71021,-0.005428,-0.70397
0.5571,0.2532,-0.79091
0.66611,-0.42632,-0.61201
0.23315,0.096857,-0.9676
0.55552,-0.33185,-0.76241
0.45485,-0.54297,-0.7059
0.53879,-0.20621,-0.81681
-0.45547,-0.49682,0.73872
-0.20134,-0.031169,0.97902
-0.13459,-0.53261,0.83559
-0.041109,-0.59278,0.80432
0.1487,-0.75853,0.63445
0.043012,-0.61857,0.78455
-0.003915,0.40685,0.91348
-0.69058,-0.038886,0.72221
0.6477,0.035154,-0.76108
0.52927,0.26659,-0.80548
0.56308,-0.82156,0.089353
0.40695,-0.86292,0.29961
0.45166,-0.86721,0.20964
0.26721,-0.87695,0.39944
0.79362,-0.53573,-0.28839
0.613,-0.19621,-0.76533
0.77312,-0.51051,-0.37638
-0.48453,-0.42673,-0.76363
0.35134,-0.78672,-0.50757
-0.25531,-0.35087,-0.90095
-0.028691,0.23228,-0.97223
0.099108,0.073935,-0.99233
-0.1052,0.37355,-0.92162
0.78476,-0.1549,-0.60013
0.16545,-0.1296,-0.97767
-0.79758,-0.59376,-0.10637
0.90235,-0.061984,-0.42653
0.89934,-0.32045,-0.2975
0.83681,-0.0729,-0.54262
-0.53389,0.27254,-0.80043
-0.70745,0.2282,-0.66891
-0.75062,0.24353,-0.61422
0.33506,-0.62532,0.70478
-0.82205,0.26549,-0.50374
0.4793,0.78587,-0.39075
0.063583,-0.48694,-0.87112
0.74928,-0.11143,-0.65281
0.80374,-0.33371,-0.49259
0.75751,-0.55357,-0.34604
0.007835,-0.75977,0.65015
-0.21537,-0.62856,0.74734
0.4109,-0.64037,-0.64891
-0.087476,-0.11773,-0.98918
0.56611,0.34228,-0.74991
0.74077,-0.66735,-0.07684
0.81148,-0.52025,-0.26617
0.26648,-0.96193,0.060642
-0.92713,-0.11147,0.35778
-0.77001,-0.62326,-0.13653
-0.88898,-0.44473,-0.10922
-0.9617,0.21108,-0.17487
0.71034,-0.70245,0.044579
-0.4015,-0.60039,0.69161
-0.25466,-0.62979,0.73383
-0.33111,-0.7948,-0.50858
0.44134,-0.81744,-0.37015
-0.23645,-0.89864,-0.36951
-0.21497,0.3104,-0.92598
-0.086583,0.60635,-0.79047
0.012509,0.34013,0.94029
-0.42952,0.86234,0.2681
0.034559,-0.24562,0.96875
0.66095,-0.62262,-0.41893
0.61485,-0.75846,0.21609
0.69206,-0.66879,0.27162
0.64865,-0.34662,-0.67757
-0.60532,-0.36956,0.70499
-0.7234,-0.5878,0.36219
0.53278,0.35235,-0.76941
0.65917,0.16064,-0.73464
0.37709,0.81337,-0.44298
0.62533,0.71205,-0.3193
0.90462,0.028307,0.42527
0.96542,0.054071,0.25504
0.82977,0.16134,0.53428
0.62339,0.30428,-0.72028
-0.89497,0.30596,0.32467
-0.9749,0.082146,0.20695
0.51192,0.29268,-0.80763
0.3417,0.50426,-0.79307
0.24167,0.59253,-0.76844
0.50185,0.34037,-0.79517
-0.55581,-0.25262,0.792
-0.5776,-0.2758,0.76832
-0.47114,-0.19385,0.86049
-0.51085,-0.21564,0.83219
-0.51821,0.42303,-0.7433
0.52844,-0.65981,0.53423
0.39757,-0.58682,0.70539
0.41697,-0.40494,0.81373
-0.42079,-0.69164,-0.587
-0.14189,-0.66692,-0.73149
0.8059,0.54873,-0.22228
0.67505,0.72867,-0.11552
0.93065,0.36581,0.008415
0.016773,-0.99674,0.078906
-0.23692,-0.96915,0.067952
-0.08145,-0.98969,-0.11776
0.99151,0.11889,-0.052737
0.99048,0.060134,-0.12379
0.93222,-0.13408,-0.33612
0.96081,0.036392,-0.27481
-0.17346,-0.67807,0.71424
0.29834,0.79046,-0.53495
0.56329,0.096659,-0.82058
0.61146,0.22133,-0.75969
0.66562,0.030264,-0.74567
-0.34165,-0.10731,-0.93368
-0.29111,0.87889,-0.37789
-0.34001,0.36852,-0.86521
-0.59067,0.46397,-0.66018
-0.74814,0.51928,-0.41308
0.53217,-0.28081,-0.79871
0.6416,-0.32657,-0.69405
0.062215,0.24183,-0.96832
0.74274,-0.25804,-0.61786
0.65718,-0.50589,-0.55874
0.60911,-0.51032,-0.60709
0.48703,-0.80364,-0.34199
0.65114,-0.532,-0.54129
-0.60101,-0.78701,-0.13926
-0.25766,-0.95712,-0.13238
-0.22852,-0.90492,0.35902
-0.82067,0.22744,0.52419
-0.8739,0.34202,0.34543
-0.93753,-0.048936,0.34443
-0.61678,-0.33343,0.71303
-0.31883,-0.74111,-0.59085
-0.18933,-0.97681,0.09998
-0.71934,-0.05077,0.6928
-0.66901,-0.14762,0.72844
-0.55539,-0.28576,0.78095
-0.47271,0.81276,-0.34053
-0.24514,0.80826,-0.53537
-0.55356,0.78522,-0.27751
-0.35564,0.81646,-0.45487
-0.15601,0.76854,-0.62049
-0.3026,0.58594,-0.75174
0.51221,0.53114,-0.67493
-0.2908,0.48413,-0.82526
0.40967,0.46788,-0.78311
0.7137,0.031177,-0.69976
0.74641,0.003974,-0.66547
0.8096,0.36829,0.45707
0.88938,0.45709,0.007656
-0.57838,0.060449,0.81352
-0.39139,0.093178,0.91549
0.32721,-0.7371,0.59128
0.14466,-0.69422,0.70508
0.2067,-0.73763,0.64279
0.62249,0.76447,0.16758
0.73172,-0.083511,-0.67647
0.64967,0.11009,-0.75221
-0.17284,-0.70568,0.68713
-0.2818,0.43315,-0.85614
-0.17661,0.2717,-0.94604
-0.023621,-0.2686,-0.96296
0.14375,-0.53411,-0.83311
-0.23499,0.032232,-0.97146
-0.41561,0.84958,-0.32478
-0.48787,0.76692,-0.41691
-0.68886,-0.030959,0.72424
-0.76633,0.63882,0.068134
-0.7199,0.26695,0.64069
-0.54069,0.84048,0.035354
-0.5915,0.70333,-0.39428
0.22653,0.082548,0.9705
0.00015,0.39809,0.91735
-0.18318,-0.65086,0.73677
-0.55135,-0.15802,0.81917
-0.26352,-0.53539,0.80244
-0.3698,-0.41554,0.831
0.95102,-0.092182,0.29508
0.92363,0.34224,0.17255
0.9437,-0.0223,0.33006
0.17381,0.12079,0.97734
0.39235,-0.8317,0.39285
0.15285,-0.7399,0.65513
0.22587,-0.55541,0.80031
0.98513,0.16746,0.038394
0.99365,0.04154,0.10461
-0.23484,-0.97201,0.006876
0.72676,-0.008408,0.68685
0.80246,-0.52667,0.28049
0.24212,0.96331,-0.11578
0.84466,-0.058067,0.53214
0.84249,-0.19637,0.50165
0.75282,-0.33988,0.56369
0.80849,-0.21206,0.54898
-0.10813,0.40591,0.90749
-0.37419,0.49814,0.7822
0.92885,-0.3561,0.10211
0.98432,-0.099801,0.14547
0.91219,-0.30545,0.27316
0.39297,-0.54712,0.73908
0.36534,-0.73195,0.57512
0.57548,0.58068,0.57588
0.51192,0.57263,0.64033
0.36369,0.51672,-0.77507
0.45928,0.43257,-0.77585
0.69917,0.16615,-0.69538
0.60543,0.27723,-0.74606
-0.16576,0.97314,0.15977
-0.13589,0.98807,0.072476
-0.12276,0.99106,0.052277
-0.44568,0.88099,-0.15882
0.73502,0.201,-0.64757
0.83281,0.026382,-0.55293
0.016712,-0.24426,0.96957
0.030372,-0.4839,0.8746
-0.20749,-0.42703,0.88011
-0.25972,-0.11268,0.95909
-0.14014,0.081435,0.98678
-0.23278,0.65516,-0.71874
-0.46012,0.51695,0.72184
-0.55176,0.3415,0.76087
-0.49663,-0.83662,0.23114
-0.091938,-0.3977,-0.9129
0.38233,-0.85342,0.35427
0.44037,-0.79428,0.41855
0.75469,-0.64785,0.10362
0.68339,-0.72849,0.047785
0.9274,-0.17865,-0.32866
0.91784,0.094027,-0.38566
0.8759,-0.11295,-0.46909
0.94783,-0.2562,-0.18971
0.00855,-0.99242,0.12261
0.22793,-0.89021,0.39443
0.74394,-0.44054,-0.50248
0.70763,0.53767,-0.45845
0.74884,0.54962,-0.37034
0.51894,0.2391,-0.82069
0.68625,0.42741,-0.58854
0.60199,0.46514,-0.64904
-0.63545,-0.014284,0.77201
-0.69936,0.068035,0.71153
0.57356,-0.10783,0.81203
-0.22505,0.721,0.65537
-0.1259,0.33475,-0.93386
-0.18574,-0.31629,-0.9303
-0.094593,-0.32173,-0.9421
-0.31037,0.12576,-0.94226
0.29321,-0.020855,-0.95582
-0.69329,0.53279,-0.48527
-0.71249,0.64247,-0.28213
-0.88569,0.36503,-0.28689
-0.9275,0.21661,-0.30466
-0.48983,0.82127,-0.29254
-0.61675,0.6436,-0.45322
0.10029,-0.326,-0.94003
0.45584,-0.36291,-0.81272
0.57899,-0.15551,-0.80037
0.75065,-0.026547,-0.66016
-0.69098,-0.1202,0.71281
-0.59305,0.30182,0.74645
-0.84212,-0.090038,0.53173
0.96549,-0.048316,0.25591
0.95643,0.12671,-0.26305
0.93861,-0.21559,-0.26932
0.81794,-0.41899,0.39423
0.40232,-0.91164,-0.083945
0.46235,-0.88597,-0.035956
-0.33671,-0.89878,-0.28075
-0.88728,-0.14386,-0.43822
0.44687,0.77683,-0.44367
0.72416,0.63308,-0.2735
-0.7906,-0.21036,0.57506
0.57644,0.38354,-0.72154
-0.32597,-0.53067,0.78239
-0.44295,-0.45402,0.77308
-0.33808,0.12387,0.93293
0.086244,-0.41589,0.90532
-0.25755,-0.95205,-0.16512
-0.77228,0.43226,-0.46554
0.44842,-0.21488,-0.86761
-0.52928,-0.82753,-0.18725
0.95089,-0.30666,0.04203
0.36323,-0.82664,-0.42979
0.11893,-0.60673,-0.78596
0.66453,-0.34563,-0.66252
0.51051,-0.60691,-0.60913
-0.25369,-0.8297,0.49723
-0.193,-0.90636,0.37585
-0.49782,-0.82742,0.25992
0.19105,0.09681,0.97679
0.088241,0.48239,0.8715
-0.098,0.37424,0.92214
-0.75732,0.65301,0.00597
-0.66595,0.72798,-0.163
0.68224,-0.65724,-0.32029
0.60881,0.44327,0.65792
-0.21624,0.81668,-0.53504
-0.1051,0.77084,-0.6283
-0.23258,0.79265,-0.56357
-0.02234,0.69948,-0.7143
-0.62223,0.53972,-0.56704
-0.52517,0.41775,0.74141
-0.51426,0.39908,0.75913
-0.68135,0.63404,0.36573
-0.65395,0.75651,0.006193
-0.75478,0.042589,-0.6546
-0.93322,0.24468,-0.26311
-0.51646,-0.8414,0.15914
0.51896,0.84575,0.12409
0.735,-0.23147,-0.63733
0.34421,-0.91944,-0.19015
0.3499,0.31403,-0.88258
-0.71986,-0.64926,-0.2455
-0.23744,0.26373,0.93492
-0.7859,-0.086826,0.61222
-0.58444,-0.29024,0.75775
-0.23593,-0.53825,0.80909
-0.13838,-0.93352,0.33074
0.26218,-0.64841,-0.71472
0.3125,-0.93583,0.16299
0.87853,-0.136,0.45792
0.88784,0.40144,-0.22493
0.94342,-0.32029,-0.085872
0.65348,-0.74196,0.14984
0.50101,0.44559,0.74192
0.70999,0.41109,0.57177
0.59365,-0.55388,0.58378
0.56656,-0.066995,0.82129
0.28479,-0.73109,0.62
0.38713,-0.32401,0.86322
-0.25961,-0.065965,-0.96346
-0.4221,-0.30666,-0.8531
-0.7661,-0.62162,-0.16338
-0.066617,-0.60337,0.79468
0.77279,-0.2288,-0.59199
